Feature ID	Taxon	Consensus
00076edac97e903018f4ef31da9dd1b8	Unassigned	1.0
0047e9ed84cb46b60712b7999c085bf4	Unassigned	1.0
004aef7614690ccf8f2008c767abe2cf	Unassigned	1.0
00c40fd042b319af1bb7fbca04d6b6b2	Unassigned	1.0
00cc1cd22baba119eb48a4fe122bb96c	Unassigned	1.0
01db38d4c2027f530d84fde39e8a11c0	Unassigned	1.0
01ed7b498312381e99b60cff4dc2b648	Unassigned	1.0
024905a96a8597e4edf54324b729f543	Unassigned	1.0
027d47b90263ceca891440abe80456a1	k__Fungi;p__Ascomycota;c__Leotiomycetes;o__Helotiales;f__Helotiales_fam_Incertae_sedis;g__Helotiales_gen_Incertae_sedis;s__Helotiales_sp;sh__SH1439605.09FU	1.0
028167f5908ac2ebd47d615fe5e40731	k__Fungi;p__Mucoromycota;c__Umbelopsidomycetes;o__GS23;f__GS23_fam_Incertae_sedis;g__GS23_gen_Incertae_sedis;s__GS23_sp;sh__SH2059946.09FU	1.0
02bafc6e667b319940fd4140e1bb7509	Unassigned	1.0
02d85b4099d8082c67106c2a38ac5a6e	k__Fungi;p__Basidiomycota;c__Agaricomycetes;o__Boletales;f__Boletaceae;g__Rossbeevera;s__Rossbeevera_sp;sh__SH1639932.09FU	1.0
0321486d21e5359269c7d28fb1ba0031	Unassigned	1.0
0358c8bdce987a3121bd3752abd4538e	k__Fungi;p__Ascomycota;c__Sordariomycetes;o__Hypocreales;f__Hypocreaceae;g__Trichoderma;s__Trichoderma_sp;sh__SH1487724.09FU	1.0
0371fcc412d2056abb1730e971ccb8eb	Unassigned	1.0
03c21b931a120637cb546950e5375d1a	Unassigned	1.0
04a464e7c253d96f7679df77858a5080	k__Fungi;p__Basidiomycota;c__Tremellomycetes;o__Trichosporonales;f__Trichosporonales_fam_Incertae_sedis;g__Trichosporonales_gen_Incertae_sedis;s__Trichosporonales_sp;sh__SH1646367.09FU	1.0
04bc0c533fc70598e42678667d1fce72	Unassigned	1.0
04d3823599da0a848524dab7c8d6f3e1	Unassigned	1.0
050b0dbaaa719306f2862b367c136342	Unassigned	1.0
05644a00368805b9b6cce44cc142d758	Unassigned	1.0
0569d108844f282cc816e98b473076e4	Unassigned	1.0
05db43cd2a5603a4152134e6434ee838	k__Fungi;p__Ascomycota;c__Sordariomycetes;o__Hypocreales;f__Hypocreales_fam_Incertae_sedis;g__Hypocreales_gen_Incertae_sedis;s__Hypocreales_sp;sh__SH1691678.09FU	1.0
05db657168d068b38ca72f818e2fdcca	Unassigned	1.0
062a863227afb6cfcc2a162b05e799cd	Unassigned	1.0
06a326c54bb9d43a517cbb911b736165	Unassigned	1.0
06b8b79a5a97eb2603525bf6008af8b5	Unassigned	1.0
06d5034686cc808ea380cad87e04464d	k__Fungi;p__Basidiomycota;c__Agaricomycetes;o__Hysterangiales;f__Hysterangiaceae;g__Hysterangium;s__Hysterangium_sp;sh__SH1584249.09FU	1.0
080312dc34383078055b6dcde92103b6	Unassigned	1.0
081f4fb4efb422885baa0bab50bb42e5	Unassigned	1.0
08b4070efeccc2c84f77798a6f99e449	Unassigned	1.0
09c4283d245e14b74529a2a271d25d81	Unassigned	1.0
09e5094ff41414ac47ab59a3b3ccb721	Unassigned	1.0
0a0b0ffa31b807101c5f48d2a0eb54c7	Unassigned	1.0
0a63d954c8714bac74973445813099b9	Unassigned	1.0
0acb66d64351658d4ab49bf35d3f3a1d	k__Fungi;p__Ascomycota;c__Leotiomycetes;o__Helotiales;f__Helotiales_fam_Incertae_sedis;g__Helotiales_gen_Incertae_sedis;s__Helotiales_sp	1.0
0ad0d098218a0d9f95612fb1fb13f4cb	k__Fungi;p__Ascomycota;c__Eurotiomycetes;o__Eurotiales;f__Aspergillaceae;g__Penicillium;s__Penicillium_restrictum;sh__SH1946085.09FU	1.0
0b6a1bdbdf4e1b2fffe29206363c9992	Unassigned	1.0
0b831e26fa2abad008ec57714d0ecf3a	Unassigned	1.0
0bb3dd210f393bcdf9ca95768da0f495	Unassigned	1.0
0bb71544eade7e44ed6e95f424139e3e	k__Fungi;p__Mucoromycota;c__Umbelopsidomycetes;o__GS23;f__GS23_fam_Incertae_sedis;g__GS23_gen_Incertae_sedis;s__GS23_sp;sh__SH2059941.09FU	1.0
0bf23785b374ae0680e318c59c18a755	Unassigned	1.0
0bf62f7e7c77630759d2f5299cfd5293	Unassigned	1.0
0cf03f9f36397237a7e429c8bb5f3218	Unassigned	1.0
0e3512e1d3534cc2c1665c9bdbec2921	Unassigned	0.0
0e556877a5340e0efc368504cd001ce1	Unassigned	1.0
0f30e3a418ea9c16317813db5265ca43	Unassigned	1.0
0f78595f81c89c701dbcbec8002e236a	Unassigned	1.0
0fe4faf5433867b954fdd77356c883d0	Unassigned	1.0
0fe6de6173c6190ef0697763d8675465	Unassigned	1.0
1010e7810dccaa6a9990948b6eb6d72b	Unassigned	1.0
1019ef431475a73f7590bd0bc40a656c	k__Fungi;p__Ascomycota;c__Leotiomycetes;o__Helotiales;f__Amorphothecaceae;g__Amorphothecaceae_gen_Incertae_sedis;s__Amorphothecaceae_sp;sh__SH1510222.09FU	1.0
1056130bcdbfe56dd7a488e9b7bbb183	k__Fungi;p__Basidiomycota;c__Agaricomycetes;o__Hymenochaetales;f__Rickenellaceae;g__Peniophorella;s__Peniophorella_pertenuis;sh__SH1768788.09FU	1.0
109872448ebb2a580ae665f26a3d7c6f	Unassigned	1.0
10ac16772a17ae7e88c76afaa0f93b81	Unassigned	1.0
10c776db234d1554d5320203383112da	Unassigned	1.0
10e66c90e548305b45ae8bbf4510990d	Unassigned	1.0
10f6aea6b54976db1f066b29e74ed80f	Unassigned	1.0
10f8f4575b60838ba5800e3e65394e11	Unassigned	1.0
1126b4aadfa7ee84ea1b3a0a4548da8d	Unassigned	1.0
11570f6374d524597a860d06cef8edcb	Unassigned	1.0
116e1fe9cdcdd66dd5136ef0be205077	k__Rhizaria;p__Cercozoa;c__Cercozoa_cls_Incertae_sedis;o__Cercozoa_ord_Incertae_sedis;f__Cercozoa_fam_Incertae_sedis;g__Cercozoa_gen_Incertae_sedis;s__Cercozoa_sp;sh__SH1953180.09FU	1.0
11940a4a56fce51efe83e35197eeaf79	k__Fungi;p__Ascomycota;c__Dothideomycetes;o__Venturiales;f__Venturiaceae;g__Venturia;s__Venturia_sp;sh__SH1501184.09FU	1.0
119464a9cc291f850597c0d6c13e43fe	Unassigned	1.0
11d63bd95e20d3cfbcb0a39123d2dd49	Unassigned	1.0
120a7c3e753b8490cc782e7e9963120a	Unassigned	1.0
1258339cc6835c5f94d0e98fcc7d36ae	k__Fungi;p__Basidiomycota;c__Agaricomycetes;o__Thelephorales;f__Thelephoraceae;g__Tomentella;s__Tomentella_sp;sh__SH1819017.09FU	1.0
12e1f9bfab127d025e2c878786d48e01	Unassigned	1.0
12ef76c521ee69ecac75f7f414c8490e	Unassigned	1.0
144126dad90155a890d82a25bbd180c3	k__Fungi;p__Ascomycota;c__Dothideomycetes;o__Mycosphaerellales;f__Mycosphaerellales_fam_Incertae_sedis;g__Mycosphaerellales_gen_Incertae_sedis;s__Mycosphaerellales_sp;sh__SH1597386.09FU	1.0
144b3c56fcfa6c13db4fab13983b8673	k__Fungi;p__Basidiomycota;c__Agaricomycetes;o__Trechisporales;f__Hydnodontaceae;g__Trechispora;s__Trechispora_sp;sh__SH1446444.09FU	1.0
149ebbfbfab642e4754969059c702da4	Unassigned	1.0
14a3ac74e0a0e27be64527708fc52e9a	k__Fungi;p__Mucoromycota;c__Umbelopsidomycetes;o__GS23;f__GS23_fam_Incertae_sedis;g__GS23_gen_Incertae_sedis;s__GS23_sp;sh__SH1360190.09FU	1.0
14eee96b1d67156a6f382c275debe747	Unassigned	1.0
15851b696f7fb6ad8f2b40dc11212d00	k__Fungi;p__Basidiomycota;c__Agaricomycetes;o__Hymenochaetales;f__Hymenochaetaceae;g__Coltriciella;s__Coltriciella_sp;sh__SH1732663.09FU	1.0
15b72c555abdf0de0d01f01cd6287e96	Unassigned	1.0
15bd301e25e1147fd13e4bd93a8a0300	Unassigned	1.0
15bd8be26429cf8b6383ccaa1efd3026	Unassigned	1.0
15eee36f7ab08d84b6ab616578fa7edf	Unassigned	1.0
1619287d8b002372d0b0f8e280d7f381	k__Fungi;p__Ascomycota;c__Eurotiomycetes;o__Eurotiales;f__Aspergillaceae;g__Penicillium;s__Penicillium_restrictum;sh__SH1946085.09FU	1.0
168d716483e6e131bb50964d337a23a6	Unassigned	1.0
16966247051b8bf6eb0a740fcfa08844	k__Fungi;p__Ascomycota;c__Eurotiomycetes;o__Eurotiales;f__Aspergillaceae;g__Penicillium;s__Penicillium_restrictum;sh__SH1946085.09FU	1.0
16abb1a9b54a244defd86ab9ade07eb6	Unassigned	1.0
16d6e372fc366403c57bf7004320226d	Unassigned	1.0
16f1aceedc74037faeab3d90e4c5085f	Unassigned	1.0
1897fe972f5558dbd9b0145ce461fe2c	Unassigned	1.0
18db72a05231951edfcda790de86e0ad	k__Fungi;p__Ascomycota;c__Sordariomycetes;o__Hypocreales;f__Cordycipitaceae;g__Cordycipitaceae_gen_Incertae_sedis;s__Cordycipitaceae_sp;sh__SH2037677.09FU	1.0
1942b5c27d8c710661c234ded8c7d61a	Unassigned	1.0
19e1822ffeca8a4bbd3e59d7562cdc63	Unassigned	1.0
19f4ca9c62839d090b2d197edcd74d9a	Unassigned	1.0
19fad3b39f404662a0975f86ec558620	Unassigned	1.0
1a0cd18b0680ef57c22f8f9c08fd8179	Unassigned	1.0
1a3805160676ec36d83e259ab8e094ea	k__Fungi;p__Ascomycota;c__Sordariomycetes;o__Trichosphaeriales;f__Trichosphaeriaceae;g__Nigrospora	1.0
1b185c45aea99f4c4aa1ca3abf917d33	k__Fungi;p__Ascomycota;c__Eurotiomycetes;o__Chaetothyriales;f__Herpotrichiellaceae;g__Capronia;s__Capronia_sp;sh__SH1394523.09FU	1.0
1b2633e675a9bd1a69a559ef9b056e01	k__Alveolata;p__Ciliophora;c__Spirotrichea;o__Stichotrichida;f__Stichotrichida_fam_Incertae_sedis;g__Stichotrichida_gen_Incertae_sedis;s__Stichotrichida_sp;sh__SH1983296.09FU	1.0
1bcecaf907c0318ac4f72d767618bc99	k__Fungi;p__Ascomycota;c__Sordariomycetes;o__Coniochaetales;f__Coniochaetaceae;g__Coniochaeta;s__Coniochaeta_sp;sh__SH1386296.09FU	1.0
1c6bb53b6bc28efd6582144a9e9003e3	Unassigned	1.0
1ca65721fe29bf818fb3c57ea587bb22	Unassigned	1.0
1d2347078bdbf9763a3c066e710ceb4f	Unassigned	1.0
1d27f907185cc93eae46030dd90ef207	Unassigned	1.0
1d98cedbbdc63043730c7e867f003f82	Unassigned	1.0
1de05fc0d9bdd38f21a32fc8b72dca98	Unassigned	1.0
1f1560f078d6c94adb77eb84020f0cb9	Unassigned	1.0
1f519da51862aab1621d5b06bfbfe616	Unassigned	1.0
1faec1c7b534c9ffb10e0f237e716820	Unassigned	1.0
1fc4b2f175ebf97f9c6b5af9b9ac8cc2	Unassigned	1.0
2020b100ff83371fcc5a7200a095d9e4	Unassigned	1.0
20533e4b044c8c91254e6fc343d8a062	Unassigned	1.0
206b1f60e805663c8ab483fc8100512a	Unassigned	1.0
207fe313e4e3f2474453d0935dfb4fde	k__Fungi;p__Fungi_phy_Incertae_sedis;c__Fungi_cls_Incertae_sedis;o__Fungi_ord_Incertae_sedis;f__Fungi_fam_Incertae_sedis;g__Fungi_gen_Incertae_sedis;s__Fungi_sp;sh__SH1530995.09FU	1.0
20a6b6c93466870eda2e09979c481f6f	Unassigned	1.0
22869ff0b2c817d4d4ab93c75d2d0a4f	Unassigned	1.0
230e1a44f88426570758bc3d33689a04	Unassigned	1.0
234b0081c0155497c1578bdb7e1adcf8	k__Fungi;p__Basidiomycota;c__Agaricomycetes;o__Agaricales;f__Hydnangiaceae;g__Laccaria;s__Laccaria_sp;sh__SH1844942.09FU	1.0
239dae54d1e11f3543686a0d29271d03	k__Fungi;p__Ascomycota;c__Dothideomycetes;o__Mycosphaerellales;f__Teratosphaeriaceae;g__Teratosphaeriaceae_gen_Incertae_sedis;s__Teratosphaeriaceae_sp	1.0
23d70499ebcddd0c8cb366a2d0d3957d	k__Alveolata;p__Ciliophora;c__Spirotrichea;o__Sporadotrichida;f__Oxytrichidae;g__Tachysoma;s__Tachysoma_sp;sh__SH1984686.09FU	1.0
24d5492b02cfd5b48d0d2fd3fb630485	Unassigned	1.0
255e37e76d1b2a4ad7a9b549c8a5b70c	Unassigned	1.0
25694cf4cd3440bfe8990ca07e8f6115	Unassigned	1.0
257661309204056f0f332297953df4c5	Unassigned	1.0
25a2529d5023b1de016359b80914b6d2	Unassigned	1.0
25ca70754726b6d56678e27a584b32bb	Unassigned	1.0
25eb08c6ac98725e08f6afa23e585d32	k__Fungi;p__Ascomycota;c__Leotiomycetes;o__Helotiales;f__Hyaloscyphaceae;g__Hyaloscyphaceae_gen_Incertae_sedis;s__Hyaloscyphaceae_sp;sh__SH1499082.09FU	1.0
25f51e8fee3b02461c24bd6e60d5121f	k__Fungi;p__Basidiomycota;c__Geminibasidiomycetes;o__Geminibasidiales;f__Geminibasidiaceae;g__Geminibasidium;s__Geminibasidium_sp;sh__SH2033285.09FU	1.0
260332c3cea6ea9f36f7c1edafb691ed	Unassigned	1.0
28109d3952058704b2da5b97866f3b58	Unassigned	1.0
284f1dfe01c55bd39f309788be9ac975	Unassigned	1.0
285aa021948f6d399508823ae1f5a0b1	k__Fungi;p__Ascomycota;c__Eurotiomycetes;o__Chaetothyriales;f__Herpotrichiellaceae;g__Cladophialophora;s__Cladophialophora_sp	0.759
28f8caf83e6c93872b8c1474defff2cc	Unassigned	1.0
296c5bc92f992470af9b019c173a6959	Unassigned	1.0
29a5533233379b57946647d2d874343b	Unassigned	1.0
29da74b829e9b839cd199fc96079fb36	Unassigned	1.0
2a698f4220f50685443dec8582eb5126	Unassigned	1.0
2ab2350d08114e6e848a2a8f80f945bd	Unassigned	1.0
2b199e31786d0bccde89a2d9ee8c52ff	k__Fungi;p__Basidiomycota;c__Agaricomycetes;o__Thelephorales;f__Thelephoraceae;g__Tomentella;s__Tomentella_hjortstamiana;sh__SH1851138.09FU	1.0
2b90cd0e727ef3f9cfb17dd1d36aa5f8	k__Fungi;p__Basidiomycota;c__Agaricomycetes;o__Agaricales;f__Cortinariaceae;g__Cortinarius;s__Cortinarius_sp;sh__SH1810776.09FU	1.0
2d46a43324693fd10628f523a53e375e	Unassigned	1.0
2d533bef03404f4eb5e9f1c703863111	Unassigned	1.0
2d857e871bf416a1665e0c77a0602731	k__Fungi;p__Ascomycota;c__Eurotiomycetes;o__Chaetothyriales;f__Chaetothyriales_fam_Incertae_sedis;g__Chaetothyriales_gen_Incertae_sedis;s__Chaetothyriales_sp	1.0
2ddefec5a7fde51f454b10d16603d37c	k__Fungi;p__Ascomycota;c__Archaeorhizomycetes;o__Archaeorhizomycetales;f__Archaeorhizomycetaceae;g__Archaeorhizomyces;s__Archaeorhizomyces_sp;sh__SH1644711.09FU	1.0
2e5747a58fc9bf786096cb08ce862db6	Unassigned	1.0
2e9c65e22c33cf64b7e528d17af03696	Unassigned	1.0
2f3df260a14bb441bb205d6382bebd97	Unassigned	1.0
2f56215d14c8c5d303c602db827738d3	Unassigned	1.0
2f68566a0fc194c9db142877bf973c0e	Unassigned	1.0
2fbd62282426c606cef6b623fb83a7d3	Unassigned	1.0
2fe9e013edca4d49baacb7de14f30df3	k__Fungi;p__Ascomycota;c__Sordariomycetes;o__Hypocreales;f__Hypocreaceae;g__Monocillium;s__Monocillium_sp;sh__SH1695600.09FU	1.0
313298c0019405e77f86506dd1c17838	Unassigned	1.0
313f08d962400379017e83ab94d8dcc3	k__Fungi;p__Basidiomycota;c__Tremellomycetes;o__Trichosporonales;f__Trichosporonales_fam_Incertae_sedis;g__Trichosporonales_gen_Incertae_sedis;s__Trichosporonales_sp;sh__SH1642845.09FU	1.0
3145d22fba848ad75434e8ea549e760b	Unassigned	1.0
31695ba058d80a39c467932133985a58	k__Fungi;p__Basidiomycota;c__Agaricomycetes;o__Agaricales;f__Amanitaceae;g__Amanita;s__Amanita_sp;sh__SH1876532.09FU	1.0
317d4b2b5d46af18c9afcc2a596eb86c	Unassigned	1.0
31892328716b82b0ac6b11fc759675a8	Unassigned	1.0
323c607cf2683c9ae95697fe131a9fbc	Unassigned	1.0
32dfad07628fccf750a438be21e18b5d	Unassigned	1.0
32e105717e94d1e63ace35265f384949	Unassigned	1.0
32f124be5781f7d7b0470a040ab0c246	Unassigned	1.0
33e5a6f53ff2fe09c53568948d79bad1	k__Fungi;p__Basidiomycota;c__Agaricomycetes;o__Boletales;f__Boletaceae;g__Rossbeevera;s__Rossbeevera_sp;sh__SH1639932.09FU	1.0
347423dc31c3cdaafd179dcee896db39	Unassigned	1.0
348ad6f2766603fd8baae75d71f33f81	Unassigned	1.0
3499df48e01f20b0bae2b5ebe93c38fa	Unassigned	1.0
349c575c6e2d44ffacb98c83393bdd65	k__Fungi;p__Basidiomycota;c__Agaricomycetes;o__Trechisporales;f__Hydnodontaceae;g__Hydnodontaceae_gen_Incertae_sedis;s__Hydnodontaceae_sp;sh__SH1376333.09FU	1.0
350e43abd7a5ee42034351181f30c549	k__Fungi;p__Ascomycota;c__Eurotiomycetes;o__Eurotiales;f__Aspergillaceae;g__Penicillium;s__Penicillium_sp;sh__SH1657803.09FU	1.0
354967c2385f6591e84cc908f6404b17	Unassigned	1.0
35658dc29bbbe73130ff436f850e93bc	Unassigned	1.0
3585ee4f4d5f48fe5e993ec8a350f081	Unassigned	1.0
35f3ba7198b64171ce7545ad719b72bf	k__Metazoa;p__Rotifera;c__Eurotatoria;o__Ploima;f__Euchlanidae;g__Euchlanis;s__Euchlanis_sp;sh__SH1829345.09FU	1.0
365340d7686b2261028ce6bdb49925e8	Unassigned	1.0
3674ebff91a5500c1aae5d7a4704d090	Unassigned	1.0
36a4af1e643302ec992e1f5cbc60ce8e	k__Fungi;p__Ascomycota;c__Sordariomycetes;o__Hypocreales;f__Clavicipitaceae;g__Metapochonia;s__Metapochonia_bulbillosa;sh__SH1749302.09FU	1.0
36d57d5f45b805702151ed9171020dd7	k__Fungi;p__Basidiomycota;c__Agaricomycetes;o__Boletales;f__Boletaceae;g__Ionosporus;s__Ionosporus_australis;sh__SH1820734.09FU	1.0
36ee9ca106fd49cadea82c989975cc62	k__Rhizaria;p__Cercozoa;c__Cercozoa_cls_Incertae_sedis;o__Cercozoa_ord_Incertae_sedis;f__Cercozoa_fam_Incertae_sedis;g__Cercozoa_gen_Incertae_sedis;s__Cercozoa_sp;sh__SH1574642.09FU	1.0
36fef97480ba5502c65fe6524c2dbfa0	Unassigned	1.0
38058ae78e3a1fa591b2f749491587f8	Unassigned	1.0
38f784d747e017ac3bceaf2ecbddbb0b	Unassigned	1.0
38fe10e4b39b16578c7ac5ca0c0a158c	Unassigned	1.0
3908f57b2d9dbe97f1a77c690090bea6	k__Rhizaria;p__Cercozoa;c__Cercozoa_cls_Incertae_sedis;o__Cercozoa_ord_Incertae_sedis;f__Cercozoa_fam_Incertae_sedis;g__Cercozoa_gen_Incertae_sedis;s__Cercozoa_sp;sh__SH1752358.09FU	1.0
39516c82c9264766b3d836c9be0faa14	k__Fungi;p__Ascomycota;c__Eurotiomycetes;o__Chaetothyriales;f__Herpotrichiellaceae;g__Capronia;s__Capronia_sp;sh__SH1395363.09FU	1.0
399308b69018be838e187545d155ebe9	Unassigned	1.0
3bc817d07579cf014efca76c02f1d55d	Unassigned	1.0
3bc9b921ab03fb1b7381727fc25b726c	Unassigned	1.0
3bff68ae38feecd2c59a7110e8ba8ab5	k__Fungi;p__Basidiomycota;c__Agaricomycetes;o__Agaricales;f__Pleurotaceae;g__Pleurotus;s__Pleurotus_ostreatus;sh__SH2065513.09FU	1.0
3c3aa1efb8dfc569b554713b4577d8a3	k__Fungi;p__Ascomycota;c__Leotiomycetes;o__Helotiales;f__Myxotrichaceae;g__Oidiodendron;s__Oidiodendron_sp;sh__SH1510058.09FU	1.0
3ce61f88093d7f73557a382118eea7e8	k__Fungi;p__Ascomycota;c__Leotiomycetes;o__Helotiales;f__Myxotrichaceae;g__Oidiodendron;s__Oidiodendron_sp	0.821
3d5ee1c4829cd962ae2b8a0b055a9803	Unassigned	1.0
3d7e264c09280bdb2b1ae4d8020ce84f	k__Fungi;p__Ascomycota;c__Leotiomycetes;o__Helotiales;f__Myxotrichaceae;g__Oidiodendron;s__Oidiodendron_sp;sh__SH1510297.09FU	1.0
3dada0a4896c4cfe0e23390f27cd582d	Unassigned	1.0
3ef1ff2bcf6e3b8734b53acb0ee0cb91	k__Fungi;p__Basidiomycota;c__Agaricomycetes;o__Agaricales;f__Cortinariaceae;g__Cortinarius;s__Cortinarius_sp;sh__SH1808994.09FU	1.0
406cc510276dfd1a5b613ed0b8c67419	Unassigned	1.0
40aa0ef7111b1517a03999ba001bf38e	Unassigned	1.0
40d941a05b49f45ea58bbef8bb512574	Unassigned	1.0
410a89be83b56fe75324467af20e22a9	Unassigned	1.0
413a9f8507308d0ce45f86adc7dd454e	k__Fungi;p__Mucoromycota;c__Mucoromycetes;o__Mucorales;f__Cunninghamellaceae;g__Cunninghamellaceae_gen_Incertae_sedis;s__Cunninghamellaceae_sp;sh__SH2090879.09FU	1.0
41416c518815c3093615b707c442bcac	k__Fungi;p__Basidiomycota;c__Agaricomycetes;o__Boletales;f__Boletaceae;g__Rossbeevera;s__Rossbeevera_sp;sh__SH1639932.09FU	1.0
418424431b1f638014dc553965888b2b	Unassigned	1.0
419ac766f63fc1470c3ae8c8cfe3c3f1	Unassigned	1.0
41ace1265f76110b2ac046bee75af512	Unassigned	1.0
4232db7b9b798f7cb30b4187a74a9f8e	Unassigned	1.0
42458e6d302a6ce91cd607657cec8a02	Unassigned	1.0
425a0bc9a0e9ae421d8118820bae7bca	Unassigned	1.0
42d67397ad78cd8bcd53af0a43c23589	k__Rhizaria;p__Cercozoa;c__Cercozoa_cls_Incertae_sedis;o__Cercozoa_ord_Incertae_sedis;f__Cercozoa_fam_Incertae_sedis;g__Cercozoa_gen_Incertae_sedis;s__Cercozoa_sp;sh__SH1687345.09FU	1.0
431904f8de68406fcf42497a6a4d62e0	Unassigned	1.0
431aab9e0e6537a9d1abc68925bf050a	Unassigned	1.0
4338f66c7bc2d7376a4ad31d22e94986	k__Fungi;p__Ascomycota;c__Sordariomycetes;o__Togniniales;f__Togniniaceae;g__Phaeoacremonium;s__Phaeoacremonium_sp;sh__SH1499619.09FU	1.0
435c8d07a8e06e3a86e47d722f259902	Unassigned	1.0
4366e8c70915edd90962c40fb3a180b1	Unassigned	1.0
4395dc0838a0584d2771f232a6be5cc7	Unassigned	1.0
44563e8987d99f54e6025d929b09344b	Unassigned	1.0
44d51d5d5e341db81902d3c4f4a535b3	k__Fungi;p__Ascomycota;c__Eurotiomycetes;o__Eurotiales;f__Aspergillaceae;g__Penicillium;s__Penicillium_penarojense;sh__SH1947861.09FU	1.0
44e51c74d6de993f67178f2fb931dd2b	Unassigned	1.0
45942e8f0312399290eb889c903399df	Unassigned	1.0
459909e1843eeea8d3e23d108713d55c	k__Fungi;p__Ascomycota;c__Eurotiomycetes;o__Chaetothyriales;f__Herpotrichiellaceae;g__Capronia;s__Capronia_sp;sh__SH1395144.09FU	1.0
45fc43fab9e44f78319f86363a167974	Unassigned	1.0
466a00e9b515b41dd0f8e654ccaa29bc	k__Fungi;p__Basidiomycota;c__Agaricomycetes;o__Agaricales;f__Omphalotaceae;g__Gymnopus;s__Gymnopus_sp;sh__SH2048446.09FU	1.0
4689564d2748c9db9703a0a48933747d	Unassigned	1.0
468a24a8245cccf28330bd947ca15b01	Unassigned	1.0
46a1dc609fd58e6f605bbcae71b57d77	k__Fungi;p__Mucoromycota;c__Umbelopsidomycetes;o__GS23;f__GS23_fam_Incertae_sedis;g__GS23_gen_Incertae_sedis;s__GS23_sp;sh__SH2059932.09FU	1.0
475b08caee39d786ae06a8b9c63a4e0c	Unassigned	1.0
4773002fd7b19e9289ec5f77dae08ce2	Unassigned	1.0
477b9ffeafac789e9a5493516394cd1d	k__Fungi;p__Basidiomycota;c__Agaricomycetes;o__Boletales;f__Boletaceae;g__Rossbeevera;s__Rossbeevera_sp;sh__SH1639932.09FU	1.0
47dd304e21ac514a30b7a6e548cb19d1	Unassigned	1.0
480d317b94ac4a29bfa01340081affe0	Unassigned	1.0
482f291c5c849406df17a1d98bc8964e	k__Fungi;p__Basidiomycota;c__Agaricomycetes;o__Hymenochaetales;f__Hymenochaetaceae;g__Coltricia;s__Coltricia_sp;sh__SH1579892.09FU	1.0
4850d500305d57622ad0c19c6715f7cc	Unassigned	1.0
486cf3471638d071aa105cef6958022e	Unassigned	1.0
486d5ad7a7640269ca254b94fa396823	Unassigned	1.0
48e795d3067e102d5c387c7d299ed9d5	Unassigned	1.0
490204af924c760be98c123a8e57db4e	Unassigned	1.0
493639b4e48ec0f20cf4fb72c82cf8c2	Unassigned	1.0
499bdc67382607a1009ad2d334a963a0	Unassigned	1.0
4a1006299a07c598ca2ef084cdde375d	Unassigned	1.0
4a5aa42cbc62665d47c2690a3f98daa8	Unassigned	1.0
4ac8ed1e17e145dc4959835d68f58e77	Unassigned	1.0
4acd8406c04a5f1c6c792892d952b47f	k__Fungi;p__Basidiomycota;c__Agaricomycetes;o__Hysterangiales;f__Hysterangiaceae;g__Hysterangium;s__Hysterangium_sp;sh__SH1584249.09FU	1.0
4ba86d006977c15c75166b66ab4b3e38	Unassigned	1.0
4c2f6f551545deaf5d35f3fc35cc8a76	Unassigned	1.0
4c3a96327d34bdf2841f5d31b511f94c	Unassigned	1.0
4c3ccead89ab2c4d376ffcb0f5905ff3	Unassigned	1.0
4c40a0a221664cecd63e4dd46de6797a	k__Fungi;p__Basidiomycota;c__Agaricomycetes;o__Hysterangiales;f__Hysterangiaceae;g__Chondrogaster;s__Chondrogaster_sp;sh__SH1869156.09FU	1.0
4c781a746faf5c7f5db934a363204db4	k__Metazoa;p__Annelida;c__Annelida_cls_Incertae_sedis;o__Annelida_ord_Incertae_sedis;f__Annelida_fam_Incertae_sedis;g__Annelida_gen_Incertae_sedis;s__Annelida_sp;sh__SH1752231.09FU	1.0
4c8b8f9ed8c4885a083228d9353f8ff3	Unassigned	1.0
4cabb7686f19298bc3d43e363ce8181d	Unassigned	1.0
4cae61955ae4bf6eb8db35708b656aa7	k__Fungi;p__Mucoromycota;c__Umbelopsidomycetes;o__GS23;f__GS23_fam_Incertae_sedis;g__GS23_gen_Incertae_sedis;s__GS23_sp;sh__SH2059960.09FU	1.0
4d00c451b95520b318a8b597950de67c	Unassigned	1.0
4d7c5b7b0824d9652134653d1ae79cfa	Unassigned	1.0
4d8a86130ce340cf29508e8a64944791	Unassigned	1.0
4eb516264099eb01dc942cdc6a36dddf	Unassigned	1.0
4ee4c3b39a1e68a3f504a2262ad21e23	k__Fungi;p__Ascomycota;c__Leotiomycetes;o__Erysiphales;f__Erysiphaceae;g__Leveillula;s__Leveillula_elaeagni;sh__SH1607935.09FU	1.0
4fa624959580f49ccfb8def3273ee712	Unassigned	1.0
4ffe42cfa98cbae7902197532f5c051d	k__Fungi;p__Ascomycota;c__Leotiomycetes;o__Helotiales;f__Myxotrichaceae;g__Oidiodendron;s__Oidiodendron_sp;sh__SH1966556.09FU	1.0
5024baf60d3355ac65979c24cc0f868d	Unassigned	1.0
5032f9947c37e74b9a6ced94dc208fc5	Unassigned	1.0
525200292f013221e0f09bf34b818611	k__Fungi;p__Ascomycota;c__Sordariomycetes;o__Hypocreales;f__Hypocreaceae;g__Trichoderma;s__Trichoderma_sp;sh__SH1674478.09FU	1.0
538fd571b2589cd78ea0dd3dffe063f6	Unassigned	1.0
53ca68e27c55b0dfe8d20ebb2bc54837	Unassigned	1.0
53f19f6c78d9d8d7af4a13eb437b33e0	k__Fungi;p__Ascomycota;c__Eurotiomycetes;o__Chaetothyriales;f__Herpotrichiellaceae;g__Cladophialophora;s__Cladophialophora_sp	1.0
5418618bde1bf3fa0d0f82413597b508	Unassigned	1.0
5463135d3c4bb3e89a20a1e2c45341f8	k__Fungi;p__Basidiomycota;c__Geminibasidiomycetes;o__Geminibasidiales;f__Geminibasidiaceae;g__Geminibasidium;s__Geminibasidium_donianum;sh__SH2033554.09FU	1.0
5468de871356029279ea835e20f318ae	k__Fungi;p__Ascomycota;c__Leotiomycetes;o__Helotiales;f__Tympanidaceae;g__Tympanidaceae_gen_Incertae_sedis;s__Tympanidaceae_sp;sh__SH1512967.09FU	1.0
54746407dd5949613d7f3f46725c7591	k__Fungi;p__Mucoromycota;c__Mucoromycotina_cls_Incertae_sedis;o__Mucoromycotina_ord_Incertae_sedis;f__Mucoromycotina_fam_Incertae_sedis;g__Bifiguratus;s__Bifiguratus_sp;sh__SH1915422.09FU	1.0
548124ed3c445539fe1f8a18443fe715	k__Fungi;p__Mucoromycota;c__Umbelopsidomycetes;o__GS23;f__GS23_fam_Incertae_sedis;g__GS23_gen_Incertae_sedis;s__GS23_sp;sh__SH1716077.09FU	1.0
551d4c213e91dfe280d711e108892188	Unassigned	1.0
5564c643f8f3c2dc94768d3f8e1f2a8f	Unassigned	1.0
558dca800e39af71d074cb12b7e065f3	Unassigned	1.0
558fe398390294f88aac47d2a3878c67	Unassigned	1.0
55a3f95d6ca2566da7e3d45b62827fa5	Unassigned	1.0
55c1fa4050e828b5c07adad9a1cdd997	Unassigned	1.0
5605d707dca43ef73be0ff52369da2e7	k__Fungi;p__Ascomycota;c__Eurotiomycetes;o__Eurotiales;f__Aspergillaceae;g__Penicillium;s__Penicillium_sp;sh__SH1344002.09FU	1.0
561dce04a1ff99c5e4c11157ae70fd3c	k__Fungi;p__Basidiomycota;c__Agaricomycetes;o__Hysterangiales;f__Hysterangiaceae;g__Hysterangium;s__Hysterangium_sp;sh__SH1584249.09FU	1.0
562e16b230d40e3cdffad7488f2378e3	k__Fungi;p__Basidiomycota;c__Tremellomycetes;o__Trichosporonales;f__Trichosporonaceae;g__Trichosporonaceae_gen_Incertae_sedis;s__Trichosporonaceae_sp;sh__SH1555828.09FU	1.0
569984daf86d166495d9d91cf95524e0	Unassigned	1.0
56c765ca24025f590e0b385f8ccb24bb	Unassigned	1.0
56e76ea0c4b33909057fa8c08972a5bf	k__Alveolata;p__Alveolata_phy_Incertae_sedis;c__Alveolata_cls_Incertae_sedis;o__Alveolata_ord_Incertae_sedis;f__Alveolata_fam_Incertae_sedis;g__Alveolata_gen_Incertae_sedis;s__Alveolata_sp;sh__SH1634552.09FU	1.0
579044e7212497ee8d7acde41c54fb4a	k__Fungi;p__Ascomycota;c__Dothideomycetes;o__Mycosphaerellales;f__Teratosphaeriaceae;g__Devriesia;s__Devriesia_sp;sh__SH1707466.09FU	1.0
58275defc5577bae423cba8fe4befe6b	k__Rhizaria;p__Cercozoa;c__Cercozoa_cls_Incertae_sedis;o__Cercozoa_ord_Incertae_sedis;f__Cercozoa_fam_Incertae_sedis;g__Cercozoa_gen_Incertae_sedis;s__Cercozoa_sp;sh__SH1933027.09FU	1.0
585df28ac261e5bd96c9dff46667e3bf	Unassigned	1.0
589b044160ff8d94ec34728f0033e23b	k__Fungi;p__Basidiomycota;c__Agaricomycetes;o__Boletales;f__Boletaceae;g__Rossbeevera;s__Rossbeevera_sp;sh__SH1639932.09FU	1.0
58c7ead4d79a16c9a99e1a065b65da67	k__Fungi;p__Ascomycota;c__Eurotiomycetes;o__Eurotiales;f__Aspergillaceae;g__Penicillium;s__Penicillium_restrictum;sh__SH1946085.09FU	1.0
58ee724ba822346ed39fe4fa03b2073e	k__Fungi;p__Basidiomycota;c__Agaricomycetes;o__Agaricales;f__Cortinariaceae;g__Cortinarius;s__Cortinarius_globuliformis;sh__SH1810800.09FU	1.0
5a08318cb0c84094fe57277e04ba624d	Unassigned	1.0
5a215644995a3dc4fc48dee488b74ed3	Unassigned	1.0
5ad290199db8c4bd690a93f5131ca9af	Unassigned	1.0
5b00a695df54cb22dcae987b583329b4	Unassigned	1.0
5b9fd7a4146da66125cf693a1ffd694c	Unassigned	1.0
5c11bf0f2f30de5bc083813e81f6ed33	Unassigned	1.0
5c2f79ada4b15c1477e795f4026791f2	k__Fungi;p__Basidiomycota;c__Agaricomycetes;o__Agaricomycetes_ord_Incertae_sedis;f__Agaricomycetes_fam_Incertae_sedis;g__Agaricomycetes_gen_Incertae_sedis;s__Agaricomycetes_sp;sh__SH1373040.09FU	1.0
5c41a131494540820f0a24b14ea0018f	Unassigned	1.0
5d02c229a756399f7b1f30e020259892	Unassigned	1.0
5d183d67fbcb496284d448e838cc535d	Unassigned	1.0
5d79e1ebae1ab2df19792ef00573725d	k__Viridiplantae;p__Bryophyta;c__Bryophyta_cls_Incertae_sedis;o__Bryophyta_ord_Incertae_sedis;f__Bryophyta_fam_Incertae_sedis;g__Bryophyta_gen_Incertae_sedis;s__Bryophyta_sp;sh__SH1577988.09FU	1.0
5f20a67f6e1664fc720b7805c1bd7883	Unassigned	1.0
5f28197c0cc3a6209a92ee8eccb6339b	Unassigned	1.0
5f7607d771231b77e1e42c6d903b26c2	k__Fungi;p__Basidiomycota;c__Agaricomycetes;o__Agaricales;f__Pleurotaceae;g__Pleurotus;s__Pleurotus_ostreatus;sh__SH2065513.09FU	1.0
5f81facf83b8e45847e820ae03ec5c8a	Unassigned	1.0
5fa20a0961684be8192e0bc241ac4a02	Unassigned	1.0
601c33911ed5e7fc5e51021df65763ef	Unassigned	1.0
602272dea509559acf34fc1a06ec09eb	Unassigned	1.0
608d3fedda4bc390501274572df6ed79	k__Fungi;p__Ascomycota;c__Sordariomycetes;o__Hypocreales;f__Cordycipitaceae;g__Cordycipitaceae_gen_Incertae_sedis;s__Cordycipitaceae_sp;sh__SH2037644.09FU	1.0
61c9160bf99ec14016357144e7591aff	Unassigned	1.0
6251b65183124a5675b0107d3753bcda	k__Fungi;p__Basidiomycota;c__Agaricomycetes;o__Trechisporales;f__Hydnodontaceae;g__Trechispora;s__Trechispora_sp;sh__SH1446531.09FU	1.0
6251b7c0a9f8bf3f17efadc0c92f3958	Unassigned	1.0
62af3e07656eb3416fc140b2507df6b5	Unassigned	1.0
62ce551afb3585d278e7b1f8da63d733	k__Fungi;p__Basidiomycota;c__Agaricomycetes;o__Atheliales;f__Pilodermataceae;g__Piloderma;s__Piloderma_sp;sh__SH1870012.09FU	1.0
637b6c08fb66b0a995258c5032088ffa	k__Rhizaria;p__Cercozoa;c__Cercozoa_cls_Incertae_sedis;o__Cercozoa_ord_Incertae_sedis;f__Cercozoa_fam_Incertae_sedis;g__Cercozoa_gen_Incertae_sedis;s__Cercozoa_sp;sh__SH2031687.09FU	1.0
6448a75718c8067c6dd73f4588bbc1b9	k__Fungi;p__Ascomycota;c__Sordariomycetes;o__Chaetosphaeriales;f__Chaetosphaeriaceae;g__Chaetosphaeria;s__Chaetosphaeria_sp;sh__SH1521704.09FU	1.0
649289bf6676ce789fed32444ed2c491	Unassigned	1.0
64a72501b06226c3a97d182cf0e0e663	Unassigned	1.0
64b408149fb7e0bab87ae91cb7f9b388	Unassigned	1.0
64b9a216ec75d65803c30e4325ac79d9	k__Alveolata;p__Ciliophora;c__Spirotrichea;o__Urostylida;f__Holostichidae;g__Anteholosticha;s__Anteholosticha_sp	1.0
64bac22f62d792b37709fe402d3ed9e8	Unassigned	1.0
6553aa8f5a4054cf0d663a22801ced31	Unassigned	1.0
65b377f0c9b0d81b314d0727c0e8da24	Unassigned	1.0
65d1edc3020fe2026a4a7a9c77edcbcf	Unassigned	1.0
6619d543106690d2b42c1fbbd9d84546	Unassigned	1.0
664e9a03a1c5f031006dccd606a1abbf	Unassigned	1.0
66626d1efb72ae40e3d48d052b188f06	k__Fungi;p__Basidiomycota;c__Tremellomycetes;o__Tremellales;f__Tremellales_fam_Incertae_sedis;g__Tremellales_gen_Incertae_sedis;s__Tremellales_sp;sh__SH1622870.09FU	1.0
66a2919c7feebf5d4d63d4b3f6a03df3	Unassigned	1.0
66e1673e3c1cc5a3f38afc75b45d5f57	Unassigned	1.0
66edc54c2795e61c661faf9a94cbd94f	k__Fungi;p__Ascomycota;c__Eurotiomycetes;o__Eurotiales;f__Aspergillaceae;g__Penicillium;s__Penicillium_restrictum;sh__SH1946085.09FU	1.0
66ff7195df52c940ddd2e67191b8c5c8	Unassigned	1.0
671c45f69526ef2a06bb8d08d5c34bc8	k__Fungi;p__Basidiomycota;c__Agaricomycetes;o__Hysterangiales;f__Hysterangiaceae;g__Hysterangium;s__Hysterangium_sp;sh__SH1584249.09FU	1.0
672351f78ea9861031e5feda5cd07b97	k__Fungi;p__Basidiomycota;c__Agaricomycetes;o__Tremellodendropsidales;f__Tremellodendropsidales_fam_Incertae_sedis;g__Tremellodendropsidales_gen_Incertae_sedis;s__Tremellodendropsidales_sp;sh__SH2099310.09FU	1.0
672d94614e4a3510a27bf270c94b36dd	Unassigned	1.0
67a72b3cf21ea620b131f1d0db735b36	k__Fungi;p__Basidiomycota;c__Microbotryomycetes;o__Microbotryales;f__Microbotryales_fam_Incertae_sedis;g__Microbotryales_gen_Incertae_sedis;s__Microbotryales_sp	1.0
67befabe68a2ec963671ac89308de872	Unassigned	1.0
683d883f5bdc5a0eb15d57e906c6ecef	Unassigned	1.0
69a4d9df28220231d6b3dc2d811fe0ae	Unassigned	1.0
6a1f1ee6a0bb3703198a2f0a09037a0c	Unassigned	1.0
6ae1f7278208e25d666527cc61fef535	k__Fungi;p__Basidiomycota;c__Agaricomycetes;o__Geastrales;f__Geastraceae;g__Geastrum	1.0
6b0e1db5cabde74cea4695c0602c2fad	k__Fungi;p__Basidiomycota;c__Agaricomycetes;o__Agaricales;f__Cortinariaceae;g__Cortinarius;s__Cortinarius_sp;sh__SH1809338.09FU	1.0
6bbff6492efffd75fee263a37dfa2a7a	k__Fungi;p__Basidiomycota;c__Basidiomycota_cls_Incertae_sedis;o__Basidiomycota_ord_Incertae_sedis;f__Basidiomycota_fam_Incertae_sedis;g__Basidiomycota_gen_Incertae_sedis;s__Basidiomycota_sp;sh__SH1436342.09FU	1.0
6bffbdea2a6b1b30c70235702d085dc2	k__Fungi;p__Ascomycota;c__Eurotiomycetes;o__Eurotiales;f__Aspergillaceae;g__Penicillium;s__Penicillium_restrictum;sh__SH1946085.09FU	1.0
6c01cc31ac26f9c600181b3a7c2f75ba	k__Metazoa;p__Annelida;c__Annelida_cls_Incertae_sedis;o__Annelida_ord_Incertae_sedis;f__Annelida_fam_Incertae_sedis;g__Annelida_gen_Incertae_sedis;s__Annelida_sp;sh__SH1752231.09FU	1.0
6c3ac955b4d88e525c12a0da4e7def34	Unassigned	1.0
6f376f6218b600f93869a1b460a268e1	k__Fungi;p__Ascomycota;c__Eurotiomycetes;o__Eurotiales;f__Aspergillaceae;g__Penicillium;s__Penicillium_restrictum;sh__SH1946085.09FU	1.0
6f4adefc4fc8dda0d237a334a0a89e04	Unassigned	1.0
6f7610209bf1df5816b66873b5d79742	k__Fungi;p__Ascomycota;c__Sordariomycetes;o__Hypocreales;f__Cordycipitaceae;g__Leptobacillium;s__Leptobacillium_leptobactrum;sh__SH1449621.09FU	1.0
6f7b4b389fa36f0b93ea202fd22e7e24	Unassigned	1.0
6f871c67fadd68c5a9eb140873faf4b2	Unassigned	1.0
6ff39a2f4ac68d61dc27d077b87dfb6a	Unassigned	1.0
70ddcdbfda24e808dcae382fe7a0ce5d	Unassigned	1.0
71388be500ad259b5a814185103eb5bf	Unassigned	1.0
7199fd59f851193c52130a0db629de18	Unassigned	1.0
71f0286e36c4691ad776c459411d363c	k__Fungi;p__Basidiomycota;c__Agaricomycetes;o__Boletales;f__Boletaceae;g__Rossbeevera;s__Rossbeevera_sp;sh__SH1639932.09FU	1.0
72af65bb8007dec52c178f27082ca0bc	Unassigned	1.0
735627f98ae83f0d002da58f5224e927	Unassigned	1.0
737185f3e22e4826127d07d94973cb14	Unassigned	1.0
73bcb02e827898e5f816ffb03e130c3b	Unassigned	1.0
73d6fdb8d93e7c794d26df9f3e90d435	k__Fungi;p__Mucoromycota;c__Umbelopsidomycetes;o__Umbelopsidales;f__Umbelopsidaceae;g__Umbelopsis;s__Umbelopsis_angularis;sh__SH1391982.09FU	1.0
741b65f48c4d3d3a696aeec5e7231461	Unassigned	1.0
7444dc0b47242d5f45046c551e17f824	Unassigned	1.0
74509a2bbfb98515c11766afb11876bd	Unassigned	1.0
7484ba1d0e04bed0523e7da482c307aa	k__Fungi;p__Basidiomycota;c__Agaricomycetes;o__Boletales;f__Boletaceae;g__Rossbeevera;s__Rossbeevera_sp;sh__SH1639932.09FU	1.0
74b6069d931763279102cd121d6b79c0	Unassigned	1.0
75428f1c58b42b39e1d34a12e597110b	k__Fungi;p__Mucoromycota;c__Umbelopsidomycetes;o__GS23;f__GS23_fam_Incertae_sedis;g__GS23_gen_Incertae_sedis;s__GS23_sp;sh__SH1715961.09FU	1.0
754b78e77893053573e1684bc4ae0eb9	k__Fungi;p__Basidiomycota;c__Microbotryomycetes;o__Sporidiobolales;f__Sporidiobolaceae;g__Rhodosporidiobolus;s__Rhodosporidiobolus_sp	1.0
75a03206c508b969a08931fa6cad034e	Unassigned	1.0
7603a17d9617541bf7c18214863c146c	k__Fungi;p__Rozellomycota;c__Rozellomycota_cls_Incertae_sedis;o__Rozellomycota_ord_Incertae_sedis;f__Rozellomycota_fam_Incertae_sedis;g__Rozellomycota_gen_Incertae_sedis;s__Rozellomycota_sp;sh__SH1642995.09FU	1.0
76c1e8369e13e214cbdcf559798b34d8	k__Fungi;p__Ascomycota;c__Leotiomycetes;o__Thelebolales;f__Pseudeurotiaceae	0.75
76f429bbde12c4cb2c6214da340df18b	k__Fungi;p__Basidiomycota;c__Agaricomycetes;o__Trechisporales;f__Hydnodontaceae;g__Trechispora;s__Trechispora_sp;sh__SH1446515.09FU	1.0
7759bc7096776606b511ed5fa802561e	Unassigned	1.0
77bb0b94c97dba50dabd285db9cf00d6	Unassigned	1.0
77bbd41c333d43f103ed23fa6e1973db	Unassigned	1.0
77f384097c9509b22d3abfad1d4c262d	Unassigned	1.0
78c3660eb910292896da92cc07ecaab0	Unassigned	1.0
7933c36a9f97d6e5d69073cb30f18483	Unassigned	1.0
7a3d222500767b79b375fc30481e99da	Unassigned	1.0
7a54530e2c30595d9ed6d319fb78cdb2	Unassigned	1.0
7b89723844ac16b8f22b403420f8efaa	Unassigned	1.0
7bae5a674e0141e621bd00e2fa8ba732	Unassigned	1.0
7bcc169693db87943502e9ba1a3d6b8f	Unassigned	1.0
7cdbfa9bc478432b4a0dac54d7b41371	Unassigned	1.0
7dc82304052af81c02a98fcb0c0692a6	Unassigned	1.0
7e9f5649e8910d8693d7abd3c9c70012	Unassigned	1.0
7ee768e40194dcb476b2be411ff7d6e9	Unassigned	1.0
7f307d001c1e82c009e80a3175d78708	k__Fungi;p__Basidiomycota;c__Agaricomycetes;o__Trechisporales;f__Trechisporales_fam_Incertae_sedis;g__Trechisporales_gen_Incertae_sedis;s__Trechisporales_sp;sh__SH1333506.09FU	1.0
7f3c4b6f648290288fe7c762fc73daf7	k__Fungi;p__Basidiomycota;c__Microbotryomycetes;o__Sporidiobolales;f__Sporidiobolales_fam_Incertae_sedis;g__Sporidiobolales_gen_Incertae_sedis;s__Sporidiobolales_sp	1.0
7f66a5596abd91a942717f12d6fae175	Unassigned	1.0
7f793a5b0fe6f9bc7d18c1e8f2ebb9bd	k__Fungi;p__Ascomycota;c__Leotiomycetes;o__Helotiales;f__Hyaloscyphaceae;g__Cistella;s__Cistella_sp	1.0
7f9d7f1c4dfd5b24208e3aaa931fa0ad	Unassigned	1.0
7ff0941bcbae45939164467248fea7f9	k__Fungi;p__Ascomycota;c__Archaeorhizomycetes;o__Archaeorhizomycetales;f__Archaeorhizomycetaceae;g__Archaeorhizomyces;s__Archaeorhizomyces_sp;sh__SH1644711.09FU	1.0
80e70ab58963fc13a8c4e3933f097e5f	k__Fungi;p__Ascomycota;c__Sordariomycetes;o__Hypocreales;f__Clavicipitaceae;g__Clavicipitaceae_gen_Incertae_sedis;s__Clavicipitaceae_sp;sh__SH1906040.09FU	1.0
80ee10ab4ed9e80fc090d254cd8e1c81	k__Fungi;p__Ascomycota;c__Leotiomycetes;o__Helotiales;f__Myxotrichaceae;g__Oidiodendron;s__Oidiodendron_sp	0.556
81e3932919e3afb7b3d5c28f17383a39	Unassigned	1.0
821e8a323b69b972b077c4b2b658546f	Unassigned	1.0
82ad27294cd406230faa2c8a38407960	Unassigned	1.0
8320b3da4ab246371169ae8be7d30179	k__Fungi;p__Basidiomycota;c__Agaricomycetes;o__Russulales;f__Russulaceae;g__Cystangium;s__Cystangium_nothofagi;sh__SH1925945.09FU	1.0
83304f1cede9ddefc8deb6685e5b948e	Unassigned	1.0
841a9a5f13fdd94801d2c659a890f329	Unassigned	1.0
84ecead9804c46d29a5318df29e6e0a0	Unassigned	1.0
851b68220d553016db17a35b670e1e9f	Unassigned	1.0
853f25951feba619f9ae5d95f942c47d	Unassigned	1.0
867a9f949eef1e903fa1b3fc25fc2db6	Unassigned	1.0
86a27556e2a303f3502a777681a31ae3	k__Fungi;p__Ascomycota;c__Sordariomycetes;o__Hypocreales;f__Cordycipitaceae;g__Simplicillium;s__Simplicillium_coffeanum;sh__SH1449615.09FU	1.0
86ab358a7016d519b37a42ae9d424cdf	Unassigned	1.0
87088922b6133f9ddfef8142d5a3e6dc	Unassigned	1.0
8738f9198d22c4e3dbed6d9606fc596d	Unassigned	1.0
8785b862a6cfa200dbed2e706336d814	Unassigned	1.0
87d810563e6ae406d8525f8cae7773cb	Unassigned	1.0
88543ad0e89b2eed1b70bd636b4cd5ae	k__Fungi;p__Basidiomycota;c__Geminibasidiomycetes;o__Geminibasidiales;f__Geminibasidiaceae;g__Geminibasidium;s__Geminibasidium_sp;sh__SH2032686.09FU	1.0
89d14610d4c44f0464c6b63abc86f3e2	Unassigned	1.0
8a41df30f3e16d4cf14896f841413946	Unassigned	1.0
8ab3686eaedb042d463ee2b04a749e93	Unassigned	1.0
8ad0a3f23aca7077dd775c630104f19f	k__Fungi;p__Basidiomycota;c__Agaricomycetes;o__Auriculariales;f__Auriculariales_fam_Incertae_sedis;g__Auriculariales_gen_Incertae_sedis;s__Auriculariales_sp;sh__SH1474840.09FU	1.0
8b05815bd9065f60a6f7d1e27ba63eeb	k__Fungi;p__Basidiomycota;c__Agaricomycetes;o__Agaricales;f__Agaricaceae;g__Leucoagaricus;s__Leucoagaricus_sp;sh__SH2014002.09FU	1.0
8b93c62433799e62afbdc1b3ad4f8762	Unassigned	1.0
8bd68f882fb3ad59085416f1a7823cdd	k__Fungi;p__Basidiomycota;c__Agaricomycetes;o__Auriculariales;f__Auriculariales_fam_Incertae_sedis;g__Auriculariales_gen_Incertae_sedis;s__Auriculariales_sp;sh__SH1474847.09FU	1.0
8c578a6ceaf79ec08c27263826de364c	k__Fungi;p__Basidiomycota;c__Agaricomycetes;o__Hymenochaetales;f__Rickenellaceae;g__Peniophorella;s__Peniophorella_praetermissa;sh__SH2082360.09FU	1.0
8cd409a20382199339255ee43ec00250	Unassigned	1.0
8d05581ca4e952e5fcdd88223aef63a7	Unassigned	1.0
8e5f5d995412a13e14508430cec6b24c	k__Fungi;p__Basidiomycota;c__Agaricomycetes;o__Atheliales;f__Atheliaceae;g__Athelia;s__Athelia_sp;sh__SH1990140.09FU	1.0
8e8a018a1b1bb6338002d58f317eb61b	Unassigned	1.0
8f161f648769b6875faf770d9cf009a6	k__Fungi;p__Basidiomycota;c__Agaricomycetes;o__Hysterangiales;f__Hysterangiaceae;g__Hysterangium;s__Hysterangium_sp;sh__SH1584249.09FU	1.0
8f2a911b0e50e9fd8c7d071892bb1df1	Unassigned	1.0
8f6064e895bd3b5689a2183e2d2dcf48	Unassigned	1.0
8f81bb58b8326b5a0a4ec3cddf368328	Unassigned	1.0
8f96deef9d2f638d36d0c9f129e61fb2	Unassigned	1.0
8f97199062c2466bb56a03296c723482	Unassigned	1.0
8f9ac9bab3a60a92d375cbe3495bc3ae	k__Fungi;p__Basidiomycota;c__Agaricomycetes;o__Agaricomycetes_ord_Incertae_sedis;f__Agaricomycetes_fam_Incertae_sedis;g__Agaricomycetes_gen_Incertae_sedis;s__Agaricomycetes_sp;sh__SH1373040.09FU	1.0
8fbe38efd1046b1ea543d50cf8bbb309	Unassigned	1.0
8ffceddd1925acc71f6117c394b688cd	Unassigned	1.0
901458e4244a9b98b86b25bd12b2efba	k__Fungi;p__Ascomycota;c__Sordariomycetes;o__Microascales;f__Microascaceae;g__Cephalotrichum;s__Cephalotrichum_guizhouense;sh__SH1681956.09FU	1.0
905c6581d1657f342f35e09dfec8e4a3	Unassigned	1.0
90915c7220705709542bc757e5534e21	Unassigned	1.0
909b99d21e80fdc52c2cf05bd99bb647	Unassigned	1.0
90accf5e2f3443011202edbe1cf811f8	Unassigned	1.0
90cbaab345bd6cf0ba8e7beb0bce8f76	k__Fungi;p__Basidiomycota;c__Agaricomycetes;o__Agaricomycetes_ord_Incertae_sedis;f__Agaricomycetes_fam_Incertae_sedis;g__Agaricomycetes_gen_Incertae_sedis;s__Agaricomycetes_sp;sh__SH1868057.09FU	1.0
911870d07ab28fcba042d5e98527e36b	k__Fungi;p__Ascomycota;c__Eurotiomycetes;o__Eurotiales;f__Aspergillaceae;g__Penicillium;s__Penicillium_sp;sh__SH1657803.09FU	1.0
91565d6c52ef07185954148407668c16	k__Fungi;p__Basidiomycota;c__Agaricomycetes;o__Agaricales;f__Pleurotaceae;g__Pleurotus;s__Pleurotus_ostreatus;sh__SH2065513.09FU	1.0
924e8c07c30222df44c65447a0fe97b2	Unassigned	1.0
930fa3aa794dbba657eafa86a4f9e627	Unassigned	1.0
936b16aa715b7b953b5058a62d10a4ab	k__Fungi;p__Ascomycota;c__Archaeorhizomycetes;o__Archaeorhizomycetales;f__Archaeorhizomycetaceae;g__Archaeorhizomyces;s__Archaeorhizomyces_sp;sh__SH1644711.09FU	1.0
939416762673f669c6aa817cb2c6425c	k__Rhizaria;p__Cercozoa;c__Cercozoa_cls_Incertae_sedis;o__Cercozoa_ord_Incertae_sedis;f__Cercozoa_fam_Incertae_sedis;g__Cercozoa_gen_Incertae_sedis;s__Cercozoa_sp;sh__SH1933027.09FU	1.0
93dcbdf68ed389c579aac7ecd33b8339	Unassigned	1.0
9404552ee2ed55a1f6d6b4f38ef4ad21	k__Fungi;p__Ascomycota;c__Ascomycota_cls_Incertae_sedis;o__Ascomycota_ord_Incertae_sedis;f__Ascomycota_fam_Incertae_sedis;g__Ascomycota_gen_Incertae_sedis;s__Ascomycota_sp;sh__SH1599408.09FU	1.0
9426748aab5eee7da7be3c292816e33e	Unassigned	1.0
948a0b01b8f727b5fb04997e9dc68808	k__Fungi;p__Ascomycota;c__Sordariomycetes;o__Microascales;f__Microascaceae;g__Cephalotrichum;s__Cephalotrichum_asperulum;sh__SH1681927.09FU	1.0
94c1e03c53ea04bf9e23b716a981cdc8	k__Fungi;p__Basidiomycota;c__Agaricomycetes;o__Agaricales;f__Cortinariaceae;g__Cortinarius;s__Cortinarius_sp;sh__SH1809690.09FU	1.0
94d3f237c71fabac29411a5b2fee75ea	Unassigned	1.0
95103609f95db3d86e1f50c97a3494d9	Unassigned	1.0
951a4e29295c8f51907cb1182621751e	Unassigned	1.0
95246235d111cc649de346a5756aebff	k__Fungi;p__Ascomycota;c__Dothideomycetes;o__Mycosphaerellales;f__Teratosphaeriaceae;g__Devriesia;s__Devriesia_sp;sh__SH1707635.09FU	1.0
9565cfe2f9de27cefc2c655a492567f2	Unassigned	1.0
960620eedb46ed4fb85b3dcb973363d4	Unassigned	1.0
965f85989fd88d3942341406e33af0d0	Unassigned	1.0
97209de317eb6ae3c74b04be3f453ea8	Unassigned	1.0
9750cedcd272467c4f8f94f167405639	Unassigned	1.0
98139edd8cc6cee3519285607df75ff0	Unassigned	1.0
982270463b4317374e58f2ada3471770	k__Fungi;p__Basidiomycota;c__Microbotryomycetes;o__Sporidiobolales;f__Sporidiobolales_fam_Incertae_sedis;g__Sporidiobolales_gen_Incertae_sedis;s__Sporidiobolales_sp	1.0
9825083174cac6f87d665b78ff7503b8	Unassigned	1.0
98456f84652ef0f0c5223f19c5d2bcb1	Unassigned	1.0
986a0e5963b58c6be9f097f8776c5dff	Unassigned	1.0
9886fbacead2707761abfc47f8a7bd97	Unassigned	1.0
98a75e895d721dde7162078b316402b3	Unassigned	1.0
9904d2c7b33048b5f3c01424069a9af2	Unassigned	1.0
991f9c01f656451509d2e7e77e49672f	k__Fungi;p__Ascomycota;c__Eurotiomycetes;o__Chaetothyriales;f__Herpotrichiellaceae;g__Capronia;s__Capronia_sp;sh__SH1395013.09FU	1.0
99483a6a5260a155c91bdfeac55fcc8d	Unassigned	1.0
994973ea504b70d47281d11d31525f86	Unassigned	1.0
9998542cb088341447da097b8a36c28b	k__Fungi;p__Basidiomycota;c__Agaricomycetes;o__Trechisporales;f__Hydnodontaceae;g__Trechispora;s__Trechispora_sp;sh__SH1846286.09FU	1.0
999923dddf2776a993b7871e79ffe9b7	Unassigned	1.0
99c4fbcde602e0ca08416b699f693c45	k__Fungi;p__Ascomycota;c__Leotiomycetes;o__Helotiales;f__Hyaloscyphaceae;g__Hyaloscypha;s__Hyaloscypha_sp;sh__SH1540449.09FU	1.0
99f5a09ad707c6caa2b7e02f67629fe3	Unassigned	1.0
9a36c4cec69d7a1d08f6bce49566a5a8	Unassigned	1.0
9a5b855b8a297f8128ebea7502a44616	k__Fungi;p__Ascomycota;c__Sordariomycetes;o__Xylariales;f__Xylariaceae;g__Ascovirgaria;s__Ascovirgaria_sp;sh__SH1965193.09FU	1.0
9a5ba00f7925d34f68ddc60b38b4c0a9	Unassigned	1.0
9b2ddd04e53a95788a5a3e5124bed7e3	Unassigned	1.0
9b35f4cbe08f7d72a01d1ca7ddee544e	Unassigned	1.0
9b46ce53cbff6fe671d2c6e7eb65dd51	k__Fungi;p__Ascomycota;c__Leotiomycetes;o__Helotiales;f__Leptodontidiaceae;g__Leptodontidium;s__Leptodontidium_sp;sh__SH2039163.09FU	1.0
9b60176921470a0a551ae04129f7bb47	Unassigned	1.0
9c49feaa14e12ce6b62b5a7707249d31	Unassigned	1.0
9c9f8fd828602dc6ad142ee89d486586	k__Eukaryota_kgd_Incertae_sedis;p__Eukaryota_phy_Incertae_sedis;c__Eukaryota_cls_Incertae_sedis;o__Eukaryota_ord_Incertae_sedis;f__Eukaryota_fam_Incertae_sedis;g__Eukaryota_gen_Incertae_sedis;s__Eukaryota_sp;sh__SH1875530.09FU	1.0
9db165c3239b6f7469f19c20bbc66b25	k__Fungi;p__Calcarisporiellomycota;c__Calcarisporiellomycetes;o__Calcarisporiellales;f__Calcarisporiellaceae;g__Calcarisporiella;s__Calcarisporiella_sp;sh__SH1761663.09FU	1.0
9dfacc8efdea3f604bdae260aad01cb9	Unassigned	1.0
9f8bbce950064042327e35bf59178ff6	Unassigned	1.0
9ff05f7412ed7891e679df552dd5947e	k__Fungi;p__Basidiomycota;c__Agaricomycetes;o__Cantharellales;f__Cantharellaceae;g__Cantharellus;s__Cantharellus_sp;sh__SH1765074.09FU	1.0
a0fed1a0e6c9adfa38357584a6d19431	Unassigned	1.0
a10d9960776ce24b34702f83f5f64663	Unassigned	1.0
a155e74ad1c852be999aa00a9aae8fc9	Unassigned	1.0
a15a5da70319c3f7461382b704cfb21a	Unassigned	1.0
a17098010fbf8bfbff56da740e1c85ac	Unassigned	1.0
a18bde9e4f03175690a12c1d63679139	Unassigned	1.0
a1964c701dd037585bf2a1e5d6cd72b3	k__Fungi;p__Basidiomycota;c__Agaricomycetes;o__Agaricales;f__Agaricales_fam_Incertae_sedis;g__Agaricales_gen_Incertae_sedis;s__Agaricales_sp;sh__SH1873889.09FU	1.0
a1a798aa56cff8ec56a6d2fbe747ad1b	k__Fungi;p__Ascomycota;c__Sordariomycetes;o__Sordariales;f__Sordariales_fam_Incertae_sedis;g__Sordariales_gen_Incertae_sedis;s__Sordariales_sp;sh__SH1458568.09FU	1.0
a1cf7229c83c413869e4fd32e64ab3c0	k__Fungi;p__Mucoromycota;c__Umbelopsidomycetes;o__GS23;f__GS23_fam_Incertae_sedis;g__GS23_gen_Incertae_sedis;s__GS23_sp;sh__SH1715959.09FU	1.0
a228eed911694d4bb463e48784052fee	Unassigned	1.0
a241c237d835e854a2fb6b3149c129cf	Unassigned	1.0
a24bea1fcc92bb489df44100d6b30315	Unassigned	1.0
a2726a806fba4f2194587642a8afd0c4	Unassigned	1.0
a2f491638020bfcb2fe5406d992b8918	Unassigned	1.0
a3293679b882f8ee3af17b3ab922156a	k__Fungi;p__Ascomycota;c__Dothideomycetes;o__Mycosphaerellales;f__Mycosphaerellales_fam_Incertae_sedis;g__Mycosphaerellales_gen_Incertae_sedis;s__Mycosphaerellales_sp;sh__SH1597475.09FU	1.0
a336ee1e4d2d6b33793407aebf6bd08c	k__Fungi;p__Basidiomycota;c__Agaricomycetes;o__Agaricales;f__Agaricaceae;g__Cystolepiota;s__Cystolepiota_sp;sh__SH1997336.09FU	1.0
a344c617cdecbab41c183f2a6aa8ed41	Unassigned	1.0
a345c61324df1fa122e04903a1d77a35	Unassigned	1.0
a363d0025aafa8bce42e41918983a3d3	k__Fungi;p__Basidiomycota;c__Agaricomycetes;o__Thelephorales;f__Thelephoraceae;g__Tomentella;s__Tomentella_sp;sh__SH1819017.09FU	1.0
a3d332ee636e5524ae72174aa6502ae1	Unassigned	1.0
a427bfa0848ce56aff41b98f79fd0480	Unassigned	1.0
a49963906925e0c4554c5ff22bf48693	k__Rhizaria;p__Cercozoa;c__Cercozoa_cls_Incertae_sedis;o__Cercozoa_ord_Incertae_sedis;f__Cercozoa_fam_Incertae_sedis;g__Cercozoa_gen_Incertae_sedis;s__Cercozoa_sp;sh__SH1919479.09FU	1.0
a4ec7abc1f58d91be5ea592642f91126	k__Fungi;p__Ascomycota;c__Leotiomycetes;o__Helotiales;f__Myxotrichaceae;g__Oidiodendron;s__Oidiodendron_sp;sh__SH1510058.09FU	1.0
a571d08bf1e5eeb8c18da4655e349474	Unassigned	1.0
a57fa3986ca6a71f2b7f36b9e726d326	Unassigned	1.0
a585b6dae05b5e88d158c8869cc95ac2	Unassigned	1.0
a5adb3dd49b5125362e0bb446eabb029	Unassigned	1.0
a61764ceeaadc8d63d0873078dbf8610	Unassigned	1.0
a658c76b00ae96ceb50d25009079ff19	Unassigned	1.0
a6bb17739122c846f5134bf1e3759186	k__Fungi;p__Ascomycota;c__Leotiomycetes;o__Helotiales;f__Helotiales_fam_Incertae_sedis;g__Helotiales_gen_Incertae_sedis;s__Helotiales_sp;sh__SH1442454.09FU	1.0
a75dc0b1617c903911b7b6c5f574d532	k__Rhizaria;p__Cercozoa;c__Cercozoa_cls_Incertae_sedis;o__Cercozoa_ord_Incertae_sedis;f__Cercozoa_fam_Incertae_sedis;g__Cercozoa_gen_Incertae_sedis;s__Cercozoa_sp;sh__SH1687345.09FU	1.0
a7ae9dc0be8f733477d2c62c6b8e0b43	Unassigned	1.0
a84ed1f55bc241e6fa743b71c43f4726	Unassigned	1.0
a93c2e4c470cd854a042cf5b9ab1a7b6	Unassigned	1.0
a9597a752881af662037439ce97ac2f2	Unassigned	1.0
a97d2d14e6dc6c0882636dc3fc71f743	Unassigned	1.0
a9c8e48a5f19980602344421357860c3	Unassigned	1.0
a9e625331426a595b6ef9f901994c75d	k__Fungi;p__Basidiomycota;c__Agaricomycetes;o__Boletales;f__Boletaceae;g__Rossbeevera;s__Rossbeevera_sp;sh__SH1639932.09FU	1.0
aa12c92ff4f8626c4a38b257c1d8fa53	Unassigned	1.0
aa95e45cb6aa6fdf60ecc7663aa2c066	Unassigned	1.0
aacdf3500362545b9aec948f8f6dbe0e	Unassigned	1.0
aae67479f807f69bf92dec04d151339d	Unassigned	1.0
aae804ea38ec0701b7532c496ad9074e	k__Fungi;p__Basidiomycota;c__Agaricomycetes;o__Agaricales;f__Cortinariaceae;g__Cortinarius;s__Cortinarius_globuliformis;sh__SH1810800.09FU	1.0
ab4c05575f70672df5656aabd4668f72	Unassigned	1.0
ab5b2fc0fdddd74b24401f7fdcae1468	k__Fungi;p__Ascomycota;c__Sordariomycetes;o__Coniochaetales;f__Coniochaetaceae;g__Coniochaeta;s__Coniochaeta_ellipsoidea;sh__SH1386200.09FU	1.0
aba2f28b7377af9c6d61ed0999076ca8	k__Fungi;p__Ascomycota;c__Archaeorhizomycetes;o__Archaeorhizomycetales;f__Archaeorhizomycetaceae;g__Archaeorhizomyces;s__Archaeorhizomyces_sp;sh__SH1814025.09FU	1.0
ac3ea590167bb227648d7c7a730fd905	k__Fungi;p__Ascomycota;c__Archaeorhizomycetes;o__Archaeorhizomycetales;f__Archaeorhizomycetaceae;g__Archaeorhizomyces;s__Archaeorhizomyces_sp;sh__SH1644711.09FU	1.0
ad41dc46b375f9ab7ead1e541f23b4bb	Unassigned	1.0
adf50d97eb7cc46c23877fac6c909eb9	Unassigned	1.0
ae3a412d982b9eb9d902af17442d1443	Unassigned	1.0
ae3cf5dcd24c0e4874ab5b4d37a0c9af	Unassigned	1.0
af4b53d4dc0cd0ca8dc1066c1ffe8571	Unassigned	1.0
af54b22f7ac42f00be13b0a42560b3c0	Unassigned	1.0
afeec3436235f37176fe1656c68e5d11	Unassigned	1.0
b0ea2057b330f16d1ee5cfece296a8c6	Unassigned	1.0
b2b9c38f40fdb6f9a9a765ea0135ce62	Unassigned	1.0
b3112e8438737b44658327c8e364e5e2	k__Fungi;p__Ascomycota;c__Sordariomycetes;o__Hypocreales;f__Bionectriaceae;g__Clonostachys;s__Clonostachys_candelabrum;sh__SH1567317.09FU	1.0
b39aa4cae061b3d2a0b1e1bd611891aa	k__Fungi;p__Ascomycota;c__Dothideomycetes;o__Mycosphaerellales;f__Teratosphaeriaceae;g__Teratosphaeriaceae_gen_Incertae_sedis;s__Teratosphaeriaceae_sp;sh__SH1597492.09FU	1.0
b40cc7a29ecc56eda85fd49fdbacc905	k__Fungi;p__Rozellomycota;c__Rozellomycota_cls_Incertae_sedis;o__Rozellomycota_ord_Incertae_sedis;f__Rozellomycota_fam_Incertae_sedis;g__Rozellomycota_gen_Incertae_sedis;s__Rozellomycota_sp;sh__SH1645194.09FU	1.0
b41c1df647770cd7176a62e52ff010c3	Unassigned	1.0
b44a4e0eda5adcc5a3e2e4779db92190	Unassigned	1.0
b49064b16c69ac87e5051c0ba345494f	Unassigned	1.0
b4918fdf419ac76c5428a5f1c50485f3	k__Fungi;p__Basidiomycota;c__Geminibasidiomycetes;o__Geminibasidiales;f__Geminibasidiaceae;g__Geminibasidium;s__Geminibasidium_sp;sh__SH2032729.09FU	1.0
b4da6c3964abe6515410ab90d5eaa92a	Unassigned	1.0
b4ebd1a3e8606c3ed178172c5e55dc6c	Unassigned	1.0
b5039b9409a9073908ef3fb4a7d908bc	Unassigned	1.0
b5188830d3b61ca6f99dbff1597fe728	k__Fungi;p__Basidiomycota;c__Agaricomycetes;o__Boletales;f__Boletaceae;g__Rossbeevera;s__Rossbeevera_sp;sh__SH1639932.09FU	1.0
b56528a1afff4c269fb394058c4c811d	k__Fungi;p__Basidiomycota;c__Agaricomycetes;o__Agaricales;f__Cortinariaceae;g__Cortinarius;s__Cortinarius_sp;sh__SH1808994.09FU	1.0
b5a0e5cde8257869a185c0790b2af48a	Unassigned	1.0
b62386d8d85f08b84f176fd76888c2c5	Unassigned	1.0
b65f31daea61d429e25b2391dffe5aa0	Unassigned	1.0
b706ea982dda1f8d3dfd2de559a4b1ed	Unassigned	1.0
b73bf5f6c6496f564e3787862a8708a2	Unassigned	1.0
b757db93be27d853bac07ddb22efc0e9	Unassigned	1.0
b7932465e3e4745731b8c86add7a0e53	k__Cryptista;p__Katablepharidophyta;c__Katablepharidophyta_cls_Incertae_sedis;o__Katablepharidophyta_ord_Incertae_sedis;f__Katablepharidophyta_fam_Incertae_sedis;g__Katablepharidophyta_gen_Incertae_sedis;s__Katablepharidophyta_sp;sh__SH1691482.09FU	1.0
b7cc0220d7eb3083f5de06b6bad8ce4b	Unassigned	1.0
b85e160c816d50c486cfcfe84e1d8794	Unassigned	1.0
b8961f95e4e8b28496d5056be5e8e66b	Unassigned	1.0
b9625c61248aa285dde5df6ccbebfc6b	Unassigned	1.0
b9abc9ed0bf4c40b95deaf96154b530b	Unassigned	1.0
b9b5514fdbabcfb71a83da86c0ae1325	Unassigned	1.0
b9d32f86b2fc74f97e41d38c295e8ae2	Unassigned	1.0
b9d57ae4f714573865d57fa9d84b5b6e	k__Fungi;p__Ascomycota;c__Eurotiomycetes;o__Verrucariales;f__Verrucariaceae;g__Verrucaria	0.642
ba0efac028010e5d00a7424c5b8f8329	k__Fungi;p__Basidiomycota;c__Agaricomycetes;o__Trechisporales;f__Trechisporales_fam_Incertae_sedis;g__Trechisporales_gen_Incertae_sedis;s__Trechisporales_sp;sh__SH2091024.09FU	1.0
ba17b98a2b38ac782bf60dd823b56e2c	Unassigned	1.0
baca98094040304f03d1cf060d8de9eb	Unassigned	1.0
baf82adbf4956d57abffd03f072a2457	Unassigned	1.0
bb2514d054c4b4d371f03227bc0a43ff	k__Fungi;p__Basidiomycota;c__Agaricomycetes;o__Agaricales;f__Pleurotaceae;g__Pleurotus;s__Pleurotus_ostreatus;sh__SH2065513.09FU	1.0
bb262bf3c3550b5671e2fdbeb3a9650c	Unassigned	1.0
bb3667847c3e585bf40fa3fd1f123249	Unassigned	1.0
bba77a34360445accd4dafe6c4aa9085	Unassigned	1.0
bcbc893e006a527fe03705fbd772ae8a	Unassigned	1.0
bcd319fe2fa01e4b69a970167fd1d720	Unassigned	1.0
bdb7e0b6350040df45c5c5398571cd27	k__Fungi;p__Ascomycota;c__Dothideomycetes;o__Mycosphaerellales;f__Teratosphaeriaceae;g__Teratosphaeriaceae_gen_Incertae_sedis;s__Teratosphaeriaceae_sp;sh__SH1597358.09FU	1.0
bdb8e61b03722d8a83ab4570b1491129	Unassigned	1.0
be28991c5feeb7dc65caa90b39d278dc	Unassigned	1.0
be34acd8673b918195b05d21ef202a70	Unassigned	1.0
be73682851936347dafbb3162b8bd0da	k__Fungi;p__Ascomycota;c__Dothideomycetes;o__Venturiales;f__Venturiaceae;g__Cylindrosympodioides;s__Cylindrosympodioides_sp;sh__SH1520532.09FU	1.0
be94c66a088bb806879663cde878b2d2	Unassigned	1.0
bec7aa2c26fb47912cd8acfe9449fb5e	Unassigned	1.0
beeef3fde88db1cab3e5c992984b1342	Unassigned	1.0
bf4d033dea66775115a91588625db5b6	Unassigned	1.0
bf628c5439a755594fc6dba7bd3eb079	Unassigned	1.0
bfcad1053d5aed7e292c3235eda7b356	Unassigned	1.0
c0079d9e78e1fbde782ae50d5b2910ba	Unassigned	1.0
c0179392d25520f7bbeb7bfc63638884	Unassigned	1.0
c03547ef3482b6c6aae1edc10375ff61	k__Fungi;p__Ascomycota;c__Sordariomycetes;o__Amphisphaeriales;f__Pestalotiopsidaceae;g__Pestalotiopsis;s__Pestalotiopsis_rhododendri;sh__SH2015609.09FU	1.0
c062a9fac101d2c7bb0a398261392c33	k__Fungi;p__Ascomycota;c__Dothideomycetes;o__Mycosphaerellales;f__Mycosphaerellales_fam_Incertae_sedis;g__Mycosphaerellales_gen_Incertae_sedis;s__Mycosphaerellales_sp;sh__SH1597475.09FU	1.0
c0b5ea21cfe2fcaf2ac4881f1a8bf40a	Unassigned	1.0
c0e932babe1d76e49132c4bfb32038ec	Unassigned	1.0
c1828d4feef3f63e91dc7b350f409292	Unassigned	1.0
c1c4250ff34b30193326a949ac4ce63a	Unassigned	1.0
c1ec17452499ed2b64657ec7850e96b2	Unassigned	1.0
c1ff36a6ebc3161cfb9bbe3f99effc8f	Unassigned	1.0
c2ed31a442de750b4eea8d73d982b587	Unassigned	1.0
c2ed81d909f89b76d63924901ce0ea4f	Unassigned	1.0
c43aabe7f1d31730bf2495beaa0c36f8	k__Fungi;p__Basidiomycota;c__Agaricomycetes;o__Agaricales;f__Cortinariaceae;g__Cortinarius;s__Cortinarius_globuliformis;sh__SH1810800.09FU	1.0
c49c4473883e992821ff90dd123244f5	k__Fungi;p__Basidiomycota;c__Geminibasidiomycetes;o__Geminibasidiales;f__Geminibasidiaceae;g__Geminibasidium;s__Geminibasidium_sp;sh__SH2033285.09FU	1.0
c4c36682d632c355c1886753556f158a	k__Fungi;p__Ascomycota;c__Dothideomycetes;o__Mycosphaerellales;f__Teratosphaeriaceae;g__Teratosphaeriaceae_gen_Incertae_sedis;s__Teratosphaeriaceae_sp;sh__SH1597432.09FU	1.0
c5b5a597cd261fe39954562a5ce02e9b	k__Fungi;p__Mucoromycota;c__Umbelopsidomycetes;o__GS23;f__GS23_fam_Incertae_sedis;g__GS23_gen_Incertae_sedis;s__GS23_sp;sh__SH1716038.09FU	1.0
c7a5248273e01d04ae3e1db617b2d1c5	Unassigned	1.0
c879eaefb07a637f892df4afddca1d65	Unassigned	1.0
c87d92360d7dd1a8d272f61c4cffbbcd	k__Fungi;p__Mucoromycota;c__Umbelopsidomycetes;o__Umbelopsidales;f__Umbelopsidaceae;g__Umbelopsis;s__Umbelopsis_sp;sh__SH1392692.09FU	1.0
c87ff3287d770402ae860cefb841c2da	k__Fungi;p__Ascomycota;c__Saccharomycetes;o__Saccharomycetales;f__Saccharomycetaceae;g__Kazachstania;s__Kazachstania_heterogenica;sh__SH1743215.09FU	1.0
c8bafaeb4d874ec73b4f11e434a1de82	Unassigned	1.0
c91b5bf38b11d59f6ea6983d01ca32f8	k__Fungi;p__Ascomycota;c__Sordariomycetes;o__Hypocreales;f__Clavicipitaceae;g__Metapochonia;s__Metapochonia_bulbillosa;sh__SH1749302.09FU	1.0
c9983476ffbdaa28628f81f8169e36e1	Unassigned	1.0
c9eed1f2518559b1be104820b17390de	k__Fungi;p__Ascomycota;c__Leotiomycetes;o__Helotiales;f__Hyaloscyphaceae	1.0
c9fbad2a266fd47ca4de9ce999c2f2b7	Unassigned	1.0
c9ff71867ba84aa5695de20bb0f51b82	Unassigned	1.0
ca12e95818370172e1f50d2c141f2f0c	k__Fungi;p__Basidiomycota;c__Agaricomycetes;o__Agaricales;f__Physalacriaceae;g__Flammulina;s__Flammulina_filiformis;sh__SH1666851.09FU	1.0
ca3841272d404d847c7a5fd42284f6cb	Unassigned	1.0
cafe176584b982d99662707e03587b63	k__Fungi;p__Basidiomycota;c__Agaricomycetes;o__Agaricomycetes_ord_Incertae_sedis;f__Agaricomycetes_fam_Incertae_sedis;g__Agaricomycetes_gen_Incertae_sedis;s__Agaricomycetes_sp;sh__SH1373040.09FU	1.0
cbb0aad407e5c03bc5708dab80c16296	Unassigned	1.0
cc3af7f06f71097412bce388966fa3cf	Unassigned	1.0
cc6d4e26623df2f9d6c96bdf41c05d57	k__Fungi;p__Basidiomycota;c__Tremellomycetes;o__Trichosporonales;f__Trichosporonaceae;g__Apiotrichum;s__Apiotrichum_sp;sh__SH1555897.09FU	1.0
cccdcb3cf9e93b2f21a52a904b823563	Unassigned	1.0
cd56686b42428a63ce54323c4e668743	Unassigned	1.0
cdc1129b12404c8146a044df064f81b4	Unassigned	1.0
ce36e25da5cdd50f299430c1ad73aaac	Unassigned	1.0
ce572b4fbfee88fe22ea9ff7f6dadd24	Unassigned	1.0
ceb4813bb1a7410bfddc7e3736a427c4	Unassigned	1.0
cef2fe02c9c3eafc34d75210040b6603	Unassigned	1.0
cef4d92e168a2d17f97c6ab33ae96d2d	k__Fungi	1.0
d00f130478d20e59b6af9eea82c031fe	k__Fungi;p__Ascomycota;c__Leotiomycetes;o__Helotiales;f__Helotiales_fam_Incertae_sedis;g__Helotiales_gen_Incertae_sedis;s__Helotiales_sp;sh__SH1526103.09FU	1.0
d053af6f02d49e639e9efdabc697d358	k__Rhizaria;p__Cercozoa;c__Cercozoa_cls_Incertae_sedis;o__Cercozoa_ord_Incertae_sedis;f__Cercozoa_fam_Incertae_sedis;g__Cercozoa_gen_Incertae_sedis;s__Cercozoa_sp;sh__SH1572013.09FU	1.0
d06adebb73264742ec34686d59d917d9	Unassigned	1.0
d09f0eaa9ea638f2e352fba1ed700cb8	Unassigned	1.0
d0c62ca7a372ccca8aedf74bef9025df	Unassigned	1.0
d0f293e982d4e7dc239b499bb5c8da4c	Unassigned	1.0
d10601e28f879e104c0e6116ec829e8a	Unassigned	1.0
d14fd5ab9ec07d2866d05690f21d25ca	Unassigned	1.0
d15bf2d3bf33fd1659e1133b1175ceb6	Unassigned	1.0
d176fbb009e1fbd81b428ce820fe170e	k__Fungi;p__Rozellomycota;c__Rozellomycota_cls_Incertae_sedis;o__Rozellomycota_ord_Incertae_sedis;f__Rozellomycota_fam_Incertae_sedis;g__Rozellomycota_gen_Incertae_sedis;s__Rozellomycota_sp;sh__SH1907504.09FU	1.0
d181916aac67ec710b558dc271d7086b	k__Fungi;p__Basidiomycota;c__Agaricomycetes;o__Russulales;f__Russulaceae;g__Lactarius;s__Lactarius_sp	0.75
d20fa26cef3f32f7f486625e4521cff6	Unassigned	1.0
d258cfd1494183e394ab5f555bf83a3b	Unassigned	1.0
d2598a6ca6d51b751d9e46be8c9d0c22	Unassigned	1.0
d27bc5fb3eaa36a4ae6114315e4604e0	Unassigned	1.0
d2c6210df7e708f0ca1d2acf1347be01	Unassigned	1.0
d2ed74f27ad8d4ae99d2bdc88b94683f	k__Fungi;p__Basidiomycota;c__Agaricomycetes;o__Agaricales;f__Entolomataceae;g__Entoloma;s__Entoloma_sp;sh__SH2008803.09FU	1.0
d2f34ffd1dfdd80f026dec863500ae6c	k__Fungi;p__Basidiomycota;c__Agaricomycetes;o__Agaricales;f__Physalacriaceae;g__Flammulina;s__Flammulina_filiformis;sh__SH1666851.09FU	1.0
d36e02ecc919a992f36144378180ff26	Unassigned	1.0
d406279e36d6be6f64e5f29d30c3db65	Unassigned	1.0
d429d62a26bf146bb0f60d258e1d4124	Unassigned	1.0
d477ea995d2e79aada2d02af82914fa5	Unassigned	1.0
d48ec5f2905e3d69b27e9db49cb33558	Unassigned	1.0
d4bd444256a8d25c791acd7bc4e68c5a	Unassigned	1.0
d4db0f991dbe3bce27725f190a765ac3	Unassigned	1.0
d4df878f35011932eaf6602561090a6c	k__Fungi;p__Basidiomycota;c__Agaricomycetes;o__Agaricales;f__Pleurotaceae;g__Pleurotus;s__Pleurotus_ostreatus;sh__SH2065513.09FU	1.0
d4ede314bd264a4212ce108d62cbb094	Unassigned	1.0
d5722cfef4b0298b98a755eb9fc2c2fd	Unassigned	1.0
d590cf972d130eb4a9fa74844945dfda	Unassigned	1.0
d5a9d11b1e2d4b667fabc2162e6f9ca9	Unassigned	1.0
d64202a4286d78a2fae571fe83d3ce91	k__Fungi;p__Basidiomycota;c__Agaricomycetes;o__Agaricales;f__Cortinariaceae;g__Cortinarius;s__Cortinarius_globuliformis;sh__SH1810800.09FU	1.0
d687dcb015dc057703af286b51660cd6	Unassigned	1.0
d6c31558c124df3a379c60da8ea6350b	k__Fungi;p__Mucoromycota;c__Umbelopsidomycetes;o__Umbelopsidales;f__Umbelopsidaceae;g__Umbelopsis;s__Umbelopsis_ramanniana;sh__SH1392119.09FU	1.0
d7a1eb1e9aa3c9e0ed4c7e7ae651cf9a	k__Alveolata;p__Alveolata_phy_Incertae_sedis;c__Alveolata_cls_Incertae_sedis;o__Alveolata_ord_Incertae_sedis;f__Alveolata_fam_Incertae_sedis;g__Alveolata_gen_Incertae_sedis;s__Alveolata_sp;sh__SH1634575.09FU	1.0
d7e843a19065dbfdb153f6151f540a91	k__Fungi;p__Ascomycota;c__Dothideomycetes;o__Pleosporales;f__Parapyrenochaetaceae;g__Parapyrenochaeta;s__Parapyrenochaeta_protearum;sh__SH2069788.09FU	1.0
d7efc65fc658b4be2407ce6131638595	Unassigned	1.0
d823b7d31538991c2a5b34b4f6e85ca7	Unassigned	1.0
d82d312460e490ed219cfd2eaa4bf35b	Unassigned	1.0
d8530a14f4c0f1867a95ed43f0932b0c	k__Eukaryota_kgd_Incertae_sedis;p__Eukaryota_phy_Incertae_sedis;c__Eukaryota_cls_Incertae_sedis;o__Eukaryota_ord_Incertae_sedis;f__Eukaryota_fam_Incertae_sedis;g__Eukaryota_gen_Incertae_sedis;s__Eukaryota_sp;sh__SH1591219.09FU	1.0
d85414fb3478e03335b10b52793857cc	Unassigned	1.0
d8783bc74250a8ee39a758d34e46e095	Unassigned	1.0
d8bc6d8f5e7b0d8703da688db97ba742	Unassigned	1.0
d91cf4e16a27d2a74877bdf3448f82b6	Unassigned	1.0
d9d16ef2a2bd325201a1963f59b1c427	k__Fungi;p__Mucoromycota;c__Umbelopsidomycetes;o__Umbelopsidales;f__Umbelopsidaceae;g__Umbelopsis;s__Umbelopsis_ramanniana;sh__SH1392119.09FU	1.0
da25a79fe91c2b5b29ed0d9896d5d80e	Unassigned	1.0
da3d5423cec6e01ff39c6dc63ec8731b	Unassigned	1.0
db35681807672beb7c3269ad943720af	k__Viridiplantae;p__Bryophyta;c__Bryophyta_cls_Incertae_sedis;o__Bryophyta_ord_Incertae_sedis;f__Bryophyta_fam_Incertae_sedis;g__Bryophyta_gen_Incertae_sedis;s__Bryophyta_sp;sh__SH1577988.09FU	1.0
db771bbc2f0c747d6c57a23a94e46795	Unassigned	1.0
dbb0cfe14e3a2d857f2a04bfb28b3366	k__Fungi;p__Basidiomycota;c__Agaricomycetes;o__Agaricales;f__Agaricaceae;g__Agaricus	1.0
dc0d827d79132b61098bb45d8c1fe189	Unassigned	1.0
dc5fc175205b0fc4102d031751798e54	Unassigned	1.0
ddacce92eead72bc42417dcc1a564f51	Unassigned	1.0
de834cb8ecd13b4976d3cbba4633965b	k__Fungi;p__Ascomycota;c__Eurotiomycetes;o__Chaetothyriales;f__Herpotrichiellaceae;g__Cladophialophora;s__Cladophialophora_sp;sh__SH1379546.09FU	1.0
dea0b110ac0c5ad446516dfe01c40e23	Unassigned	1.0
def0edd8e79e3a8f9ef1a2edae3644fd	Unassigned	1.0
df1128aa7bb6c631a510bb6cb79b2d45	Unassigned	1.0
df33583a25125cbe385d3cd7a39f8399	k__Fungi;p__Ascomycota;c__Leotiomycetes;o__Helotiales;f__Helotiales_fam_Incertae_sedis;g__Helotiales_gen_Incertae_sedis;s__Helotiales_sp;sh__SH1527138.09FU	1.0
df959443efc86a1dae18d161405fa697	Unassigned	1.0
dfc94ba4482cd6cf0fcab25a5718bdf9	k__Fungi;p__Basidiomycota;c__Agaricomycetes;o__Agaricales;f__Cortinariaceae;g__Cortinarius;s__Cortinarius_globuliformis;sh__SH1810800.09FU	1.0
dfdb3acfb550a45adbb0224ab0913747	Unassigned	1.0
e00652e45c88ec8f8fe5f58beda6d8ac	Unassigned	1.0
e081ed8737abdeed6b89edce7aad44e0	Unassigned	1.0
e098907d2b448ea93e4397d2c1c9722b	Unassigned	1.0
e161a1078fbdd327b46ac61d45a9445f	Unassigned	1.0
e24dfcaf4e37e526bc526e547dd1646e	k__Fungi;p__Basidiomycota;c__Agaricomycetes;o__Thelephorales;f__Thelephoraceae;g__Tomentella;s__Tomentella_hjortstamiana;sh__SH1851138.09FU	1.0
e28ed3023adfd905877115e7daf23cfc	k__Fungi;p__Basidiomycota;c__Agaricomycetes;o__Agaricales;f__Cortinariaceae;g__Cortinarius;s__Cortinarius_sp;sh__SH1809338.09FU	1.0
e506860780b6968a4789501e81e774d2	Unassigned	1.0
e5162a408bdbb994f703cabdb86604c5	Unassigned	1.0
e5249be188e9d351b280bde156b140d8	Unassigned	1.0
e5249dca48c94e0988ba273cabc736a4	k__Fungi;p__Ascomycota;c__Sordariomycetes;o__Chaetosphaeriales;f__Chaetosphaeriaceae;g__Chaetosphaeria;s__Chaetosphaeria_sp	1.0
e53015ac3389a9e3c5f7e7e2c94c9049	Unassigned	1.0
e60d7734d4a8fcceef6b58a7155d43dc	Unassigned	1.0
e6194c02e80a989ee6af0bdef4f1e488	Unassigned	1.0
e6285662d47ccf3ee240e0a768addedb	Unassigned	1.0
e6a9031e6ad12cd472109bc4937363e6	Unassigned	1.0
e6acf3d2f097d6688f0153259e814871	Unassigned	1.0
e75dfd3bb6d21918d0886df4702e12cd	k__Fungi;p__Ascomycota;c__Leotiomycetes;o__Helotiales;f__Hyaloscyphaceae;g__Arachnopeziza;s__Arachnopeziza_sp;sh__SH2039855.09FU	1.0
e7947bdd7b157a5e1a831716fba88549	k__Alveolata;p__Ciliophora;c__Spirotrichea;o__Urostylida;f__Pseudourostylidae;g__Pseudourostyla;s__Pseudourostyla_sp;sh__SH1723319.09FU	1.0
e8ef31439f23be9e88eb9a4249719bcf	Unassigned	1.0
e92fcac7396614d264c7debd88650037	k__Fungi;p__Ascomycota;c__Eurotiomycetes;o__Eurotiales;f__Aspergillaceae;g__Penicillium;s__Penicillium_restrictum;sh__SH1946085.09FU	1.0
e952f844c3e2cd3fccfd2fa5577bb834	Unassigned	1.0
e956a54b95abe7ac192df6df54602439	k__Fungi;p__Ascomycota;c__Sordariomycetes;o__Hypocreales;f__Hypocreaceae;g__Sepedonium;s__Sepedonium_chalcipori;sh__SH2023890.09FU	1.0
e9920338140cfd81427af1d1de56fb5a	k__Fungi;p__Ascomycota;c__Leotiomycetes;o__Helotiales;f__Hyaloscyphaceae;g__Hyaloscyphaceae_gen_Incertae_sedis;s__Hyaloscyphaceae_sp;sh__SH1498780.09FU	1.0
e9d2f271eb5b36460273fe5d0e26da8a	Unassigned	1.0
e9e580a404e60ee5a2124f1c89fa5cf9	k__Fungi;p__Basidiomycota;c__Agaricomycetes;o__Hysterangiales;f__Hysterangiaceae;g__Hysterangium;s__Hysterangium_sp;sh__SH1584249.09FU	1.0
ea4e3e14073be4109b9f32cfef636866	Unassigned	1.0
ea508a5d1f6d853ab020f7624ed5fdf8	k__Fungi;p__Ascomycota;c__Sordariomycetes;o__Coniochaetales;f__Coniochaetaceae;g__Coniochaetaceae_gen_Incertae_sedis;s__Coniochaetaceae_sp;sh__SH1659710.09FU	1.0
ea6ef177788b5311b3955f71ecbd929d	Unassigned	1.0
eb8b90ad6a74a97e0550c9df0e9bf982	Unassigned	1.0
ec0cd745b54e6527b955c2a3884b7760	k__Fungi;p__Ascomycota;c__Ascomycota_cls_Incertae_sedis;o__Ascomycota_ord_Incertae_sedis;f__Ascomycota_fam_Incertae_sedis;g__Ascomycota_gen_Incertae_sedis;s__Ascomycota_sp;sh__SH1760914.09FU	1.0
ec461ece25e4e4f4c3882b090eb14493	k__Fungi;p__Basidiomycota;c__Agaricomycetes;o__Atheliales;f__Atheliaceae;g__Athelia;s__Athelia_sp;sh__SH1990100.09FU	1.0
ec7841c2426cd59e046259ce46992939	k__Fungi;p__Basidiomycota;c__Agaricomycetes;o__Agaricales;f__Cortinariaceae;g__Cortinarius;s__Cortinarius_sp;sh__SH1809690.09FU	1.0
eccd9bdea48d7ed4e4df680a8855b55c	Unassigned	1.0
ed07aeecf6d98f5c052174fcec552c64	k__Fungi;p__Basidiomycota;c__Agaricomycetes;o__Thelephorales;f__Thelephoraceae;g__Tomentella;s__Tomentella_sp;sh__SH1817221.09FU	1.0
ed7ead1cde374ea0d1207980b5c6f98a	k__Fungi;p__Basidiomycota;c__Agaricomycetes;o__Hymenochaetales;f__Schizoporaceae;g__Xylodon;s__Xylodon_sp;sh__SH1960844.09FU	1.0
ed86bbbf1a6d1a8809041f4b80b7ef2f	Unassigned	1.0
edb15fbdb96e272cecdc7e5312875395	Unassigned	1.0
ee460169afdeaee97ba78f751ab42d08	Unassigned	1.0
ee558af2bc62c7ff2fd7e26fdfc3eec2	Unassigned	1.0
ee6bd0db6c8b8ae9ef5ea71a6db7d59c	k__Fungi;p__Mucoromycota;c__Umbelopsidomycetes;o__GS23;f__GS23_fam_Incertae_sedis;g__GS23_gen_Incertae_sedis;s__GS23_sp;sh__SH2059947.09FU	1.0
ef11f70038d64c599e01de2124acb2fc	Unassigned	1.0
ef74d00dd7fdcaf19b6fa2f68394e0bb	k__Fungi;p__Basidiomycota;c__Agaricomycetes;o__Boletales;f__Boletaceae;g__Rossbeevera;s__Rossbeevera_sp;sh__SH1639932.09FU	1.0
f0235aa89d6b772117caf534da3e4f86	Unassigned	1.0
f04791330078a381bd7e45f1255f23c3	Unassigned	1.0
f064f5cd835e57044643b85d9a02fcc2	Unassigned	1.0
f069001e7fc66347eef30a0a06919812	Unassigned	1.0
f07d4d6b56e58ec9fe15d8a9700a4e64	Unassigned	1.0
f0dcfce457124b82bdcaf73aac7c1033	Unassigned	1.0
f10150322612632b601ba9ce0507f85d	k__Rhizaria;p__Cercozoa;c__Cercozoa_cls_Incertae_sedis;o__Cercozoa_ord_Incertae_sedis;f__Cercozoa_fam_Incertae_sedis;g__Cercozoa_gen_Incertae_sedis;s__Cercozoa_sp;sh__SH1574642.09FU	1.0
f10745383bf96bb52c9d750e5cd40e71	Unassigned	1.0
f12acf0a4050c55b326e7434dd2f31ff	Unassigned	1.0
f193b7626a9c3531c951985001016a58	Unassigned	1.0
f1c7ffc0a4ac9a0a5eae81bf3e96a4c5	Unassigned	1.0
f2fbc6e1e974663fb7d49dc578cd60d2	Unassigned	1.0
f411ba5576652eb625ceee5595b24538	Unassigned	1.0
f47ed32a471caed5ea1cdfc7a232768d	Unassigned	1.0
f48f3a9a2e19df2be2c2e49e460b4274	Unassigned	1.0
f509792230d5b297c078df76b1cf12ac	k__Fungi;p__Ascomycota;c__Sordariomycetes;o__Hypocreales;f__Hypocreales_fam_Incertae_sedis;g__Hypocreales_gen_Incertae_sedis;s__Hypocreales_sp;sh__SH2012856.09FU	1.0
f5d40f7e09183b2eaf50a0a29a187230	Unassigned	1.0
f6486e03ddd37330ccc5d2d5eb7bb6dc	Unassigned	1.0
f68c159f496901872075caf407a247d8	Unassigned	1.0
f69ec2825badd6e6728e7ecbd8852dd0	Unassigned	1.0
f7933476ec8a8c78b1574289153b4e01	Unassigned	1.0
f7bab8c9698cdfd92cee5dfbed64e39d	k__Fungi;p__Ascomycota;c__Leotiomycetes;o__Helotiales;f__Tympanidaceae;g__Tympanidaceae_gen_Incertae_sedis;s__Tympanidaceae_sp;sh__SH1602441.09FU	1.0
f7f4eabbf6f58a2d1240066526f53002	Unassigned	1.0
f816ca55d84d35eb89396015b5b4cf5d	k__Fungi;p__Basidiomycota;c__Agaricomycetes;o__Agaricales;f__Agaricaceae;g__Agaricus;s__Agaricus_bisporus;sh__SH1915005.09FU	1.0
f82ee0928d23a4eca921f7e0011dd873	k__Rhizaria;p__Cercozoa;c__Cercozoa_cls_Incertae_sedis;o__Cercozoa_ord_Incertae_sedis;f__Cercozoa_fam_Incertae_sedis;g__Cercozoa_gen_Incertae_sedis;s__Cercozoa_sp;sh__SH1752314.09FU	1.0
f835c8daa17bbce6e656a3bb79fbc81f	Unassigned	1.0
f8598af6ed78c3c1e5f5d03ec6c8a48a	Unassigned	1.0
f88e2b873bc5cb6fc96a188586c04477	Unassigned	1.0
f8d8916012edac5b382b7b78a3aeb49a	k__Metazoa;p__Nematoda;c__Nematoda_cls_Incertae_sedis;o__Nematoda_ord_Incertae_sedis;f__Nematoda_fam_Incertae_sedis;g__Nematoda_gen_Incertae_sedis;s__Nematoda_sp;sh__SH1832988.09FU	1.0
f91daea3f83ca5e35065fa2516acfa13	Unassigned	1.0
f99cf6582f8a0f69cf128210a5f8f3c9	Unassigned	1.0
fac88ad811f5300319584111329d8b89	Unassigned	1.0
fad1a31e92793015c6c0509a7e18b046	k__Fungi;p__Basidiomycota;c__Agaricomycetes;o__Agaricales;f__Cortinariaceae;g__Cortinarius;s__Cortinarius_globuliformis;sh__SH1810800.09FU	1.0
faefb6480344770994eef307e75f8ef2	k__Fungi;p__Ascomycota;c__Leotiomycetes;o__Helotiales;f__Myxotrichaceae;g__Oidiodendron	1.0
fb5520aec3440d709df7958dd55f44c8	Unassigned	1.0
fb6098dd346fff93dcb7c889571c7582	Unassigned	1.0
fb62ef55051a4ec331a55cdd903c7378	Unassigned	1.0
fba9ff27c3a49a262c410dde21fbbdce	Unassigned	1.0
fc3dab78edda73fa91ef74a4da2006a8	k__Fungi;p__Ascomycota;c__Lecanoromycetes;o__Ostropales;f__Stictidaceae;g__Stictidaceae_gen_Incertae_sedis;s__Stictidaceae_sp;sh__SH1709302.09FU	1.0
fcf2b4b9178f625c77b4e2c6549dcc4b	Unassigned	1.0
fe1f11e4ecfedace894dee9abef15a9f	Unassigned	1.0
fe39504e805b959f5ecc7dfde1c6a10c	Unassigned	1.0
fe414c87180cb21a2983d61a53b11093	k__Rhizaria;p__Cercozoa;c__Cercozoa_cls_Incertae_sedis;o__Cercozoa_ord_Incertae_sedis;f__Cercozoa_fam_Incertae_sedis;g__Cercozoa_gen_Incertae_sedis;s__Cercozoa_sp	0.8
ff19fc51b60dbadf05c4ec844f2f5d3e	k__Fungi;p__Mortierellomycota;c__Mortierellomycetes;o__Mortierellales;f__Mortierellaceae;g__Mortierella;s__Mortierella_sp	0.933
